This file contains any messages produced by compilers while
running configure, to aid debugging if configure makes a mistake.

It was created by sofia-sip configure 1.13.17, which was
generated by GNU Autoconf 2.71.  Invocation command line was

  $ ./configure

## --------- ##
## Platform. ##
## --------- ##

hostname = vps.6xcom.com
uname -m = x86_64
uname -r = 5.15.0-156-generic
uname -s = Linux
uname -v = #166-Ubuntu SMP Sat Aug 9 00:02:46 UTC 2025

/usr/bin/uname -p = x86_64
/bin/uname -X     = unknown

/bin/arch              = x86_64
/usr/bin/arch -k       = unknown
/usr/convex/getsysinfo = unknown
/usr/bin/hostinfo      = unknown
/bin/machine           = unknown
/usr/bin/oslevel       = unknown
/bin/universe          = unknown

PATH: /usr/local/sbin/
PATH: /usr/local/bin/
PATH: /usr/sbin/
PATH: /usr/bin/
PATH: /sbin/
PATH: /bin/
PATH: /usr/games/
PATH: /usr/local/games/
PATH: /snap/bin/


## ----------- ##
## Core tests. ##
## ----------- ##

configure:2668: looking for aux files: ltmain.sh compile missing install-sh config.guess config.sub
configure:2681:  trying ./
configure:2710:   ./ltmain.sh found
configure:2710:   ./compile found
configure:2710:   ./missing found
configure:2692:   ./install-sh found
configure:2710:   ./config.guess found
configure:2710:   ./config.sub found
configure:2857: checking build system type
configure:2872: result: x86_64-pc-linux-gnu
configure:2892: checking host system type
configure:2906: result: x86_64-pc-linux-gnu
configure:2926: checking target system type
configure:2940: result: x86_64-pc-linux-gnu
configure:2972: checking cached information
configure:2990: result: ok
configure:3014: checking for a BSD-compatible install
configure:3087: result: /usr/bin/install -c
configure:3098: checking whether build environment is sane
configure:3153: result: yes
configure:3312: checking for a race-free mkdir -p
configure:3356: result: /usr/bin/mkdir -p
configure:3363: checking for gawk
configure:3384: found /usr/bin/gawk
configure:3395: result: gawk
configure:3406: checking whether make sets $(MAKE)
configure:3429: result: yes
configure:3459: checking whether make supports nested variables
configure:3477: result: yes
configure:3630: checking whether make supports the include directive
configure:3645: make -f confmf.GNU && cat confinc.out
this is the am__doit target
configure:3648: $? = 0
configure:3667: result: yes (GNU style)
configure:3743: checking for gcc
configure:3764: found /usr/bin/gcc
configure:3775: result: gcc
configure:4128: checking for C compiler version
configure:4137: gcc --version >&5
gcc (Ubuntu 11.4.0-1ubuntu1~22.04.2) 11.4.0
Copyright (C) 2021 Free Software Foundation, Inc.
This is free software; see the source for copying conditions.  There is NO
warranty; not even for MERCHANTABILITY or FITNESS FOR A PARTICULAR PURPOSE.

configure:4148: $? = 0
configure:4137: gcc -v >&5
Using built-in specs.
COLLECT_GCC=gcc
COLLECT_LTO_WRAPPER=/usr/lib/gcc/x86_64-linux-gnu/11/lto-wrapper
OFFLOAD_TARGET_NAMES=nvptx-none:amdgcn-amdhsa
OFFLOAD_TARGET_DEFAULT=1
Target: x86_64-linux-gnu
Configured with: ../src/configure -v --with-pkgversion='Ubuntu 11.4.0-1ubuntu1~22.04.2' --with-bugurl=file:///usr/share/doc/gcc-11/README.Bugs --enable-languages=c,ada,c++,go,brig,d,fortran,objc,obj-c++,m2 --prefix=/usr --with-gcc-major-version-only --program-suffix=-11 --program-prefix=x86_64-linux-gnu- --enable-shared --enable-linker-build-id --libexecdir=/usr/lib --without-included-gettext --enable-threads=posix --libdir=/usr/lib --enable-nls --enable-bootstrap --enable-clocale=gnu --enable-libstdcxx-debug --enable-libstdcxx-time=yes --with-default-libstdcxx-abi=new --enable-gnu-unique-object --disable-vtable-verify --enable-plugin --enable-default-pie --with-system-zlib --enable-libphobos-checking=release --with-target-system-zlib=auto --enable-objc-gc=auto --enable-multiarch --disable-werror --enable-cet --with-arch-32=i686 --with-abi=m64 --with-multilib-list=m32,m64,mx32 --enable-multilib --with-tune=generic --enable-offload-targets=nvptx-none=/build/gcc-11-2Y5pKs/gcc-11-11.4.0/debian/tmp-nvptx/usr,amdgcn-amdhsa=/build/gcc-11-2Y5pKs/gcc-11-11.4.0/debian/tmp-gcn/usr --without-cuda-driver --enable-checking=release --build=x86_64-linux-gnu --host=x86_64-linux-gnu --target=x86_64-linux-gnu --with-build-config=bootstrap-lto-lean --enable-link-serialization=2
Thread model: posix
Supported LTO compression algorithms: zlib zstd
gcc version 11.4.0 (Ubuntu 11.4.0-1ubuntu1~22.04.2) 
... rest of stderr output deleted ...
configure:4148: $? = 0
configure:4137: gcc -V >&5
gcc: error: unrecognized command-line option '-V'
gcc: fatal error: no input files
compilation terminated.
configure:4148: $? = 1
configure:4137: gcc -qversion >&5
gcc: error: unrecognized command-line option '-qversion'; did you mean '--version'?
gcc: fatal error: no input files
compilation terminated.
configure:4148: $? = 1
configure:4137: gcc -version >&5
gcc: error: unrecognized command-line option '-version'
gcc: fatal error: no input files
compilation terminated.
configure:4148: $? = 1
configure:4168: checking whether the C compiler works
configure:4190: gcc      conftest.c  >&5
configure:4194: $? = 0
configure:4244: result: yes
configure:4247: checking for C compiler default output file name
configure:4249: result: a.out
configure:4255: checking for suffix of executables
configure:4262: gcc -o conftest      conftest.c  >&5
configure:4266: $? = 0
configure:4289: result: 
configure:4311: checking whether we are cross compiling
configure:4319: gcc -o conftest      conftest.c  >&5
configure:4323: $? = 0
configure:4330: ./conftest
configure:4334: $? = 0
configure:4349: result: no
configure:4354: checking for suffix of object files
configure:4377: gcc -c    conftest.c >&5
configure:4381: $? = 0
configure:4403: result: o
configure:4407: checking whether the compiler supports GNU C
configure:4427: gcc -c    conftest.c >&5
configure:4427: $? = 0
configure:4437: result: yes
configure:4448: checking whether gcc accepts -g
configure:4469: gcc -c -g  conftest.c >&5
configure:4469: $? = 0
configure:4513: result: yes
configure:4533: checking for gcc option to enable C11 features
configure:4548: gcc  -c    conftest.c >&5
configure:4548: $? = 0
configure:4566: result: none needed
configure:4682: checking whether gcc understands -c and -o together
configure:4705: gcc -c conftest.c -o conftest2.o
configure:4708: $? = 0
configure:4705: gcc -c conftest.c -o conftest2.o
configure:4708: $? = 0
configure:4720: result: yes
configure:4739: checking dependency style of gcc
configure:4851: result: gcc3
configure:4871: checking for stdio.h
configure:4871: gcc -c    conftest.c >&5
configure:4871: $? = 0
configure:4871: result: yes
configure:4871: checking for stdlib.h
configure:4871: gcc -c    conftest.c >&5
configure:4871: $? = 0
configure:4871: result: yes
configure:4871: checking for string.h
configure:4871: gcc -c    conftest.c >&5
configure:4871: $? = 0
configure:4871: result: yes
configure:4871: checking for inttypes.h
configure:4871: gcc -c    conftest.c >&5
configure:4871: $? = 0
configure:4871: result: yes
configure:4871: checking for stdint.h
configure:4871: gcc -c    conftest.c >&5
configure:4871: $? = 0
configure:4871: result: yes
configure:4871: checking for strings.h
configure:4871: gcc -c    conftest.c >&5
configure:4871: $? = 0
configure:4871: result: yes
configure:4871: checking for sys/stat.h
configure:4871: gcc -c    conftest.c >&5
configure:4871: $? = 0
configure:4871: result: yes
configure:4871: checking for sys/types.h
configure:4871: gcc -c    conftest.c >&5
configure:4871: $? = 0
configure:4871: result: yes
configure:4871: checking for unistd.h
configure:4871: gcc -c    conftest.c >&5
configure:4871: $? = 0
configure:4871: result: yes
configure:4871: checking for wchar.h
configure:4871: gcc -c    conftest.c >&5
configure:4871: $? = 0
configure:4871: result: yes
configure:4871: checking for minix/config.h
configure:4871: gcc -c    conftest.c >&5
conftest.c:49:10: fatal error: minix/config.h: No such file or directory
   49 | #include <minix/config.h>
      |          ^~~~~~~~~~~~~~~~
compilation terminated.
configure:4871: $? = 1
configure: failed program was:
| /* confdefs.h */
| #define PACKAGE_NAME "sofia-sip"
| #define PACKAGE_TARNAME "sofia-sip"
| #define PACKAGE_VERSION "1.13.17"
| #define PACKAGE_STRING "sofia-sip 1.13.17"
| #define PACKAGE_BUGREPORT ""
| #define PACKAGE_URL ""
| #define PACKAGE "sofia-sip"
| #define VERSION "1.13.17"
| #define HAVE_STDIO_H 1
| #define HAVE_STDLIB_H 1
| #define HAVE_STRING_H 1
| #define HAVE_INTTYPES_H 1
| #define HAVE_STDINT_H 1
| #define HAVE_STRINGS_H 1
| #define HAVE_SYS_STAT_H 1
| #define HAVE_SYS_TYPES_H 1
| #define HAVE_UNISTD_H 1
| #define HAVE_WCHAR_H 1
| /* end confdefs.h.  */
| #include <stddef.h>
| #ifdef HAVE_STDIO_H
| # include <stdio.h>
| #endif
| #ifdef HAVE_STDLIB_H
| # include <stdlib.h>
| #endif
| #ifdef HAVE_STRING_H
| # include <string.h>
| #endif
| #ifdef HAVE_INTTYPES_H
| # include <inttypes.h>
| #endif
| #ifdef HAVE_STDINT_H
| # include <stdint.h>
| #endif
| #ifdef HAVE_STRINGS_H
| # include <strings.h>
| #endif
| #ifdef HAVE_SYS_TYPES_H
| # include <sys/types.h>
| #endif
| #ifdef HAVE_SYS_STAT_H
| # include <sys/stat.h>
| #endif
| #ifdef HAVE_UNISTD_H
| # include <unistd.h>
| #endif
| #include <minix/config.h>
configure:4871: result: no
configure:4871: checking for sys/time.h
configure:4871: gcc -c    conftest.c >&5
configure:4871: $? = 0
configure:4871: result: yes
configure:4902: checking whether it is safe to define __EXTENSIONS__
configure:4921: gcc -c    conftest.c >&5
configure:4921: $? = 0
configure:4929: result: yes
configure:4932: checking whether _XOPEN_SOURCE should be defined
configure:4954: gcc -c    conftest.c >&5
configure:4954: $? = 0
configure:4981: result: no
configure:5050: checking for compilation environment
configure:5063: result: 
configure:5145: checking for gcc
configure:5177: result: gcc
configure:5404: checking for gcc
configure:5436: result: gcc
configure:5789: checking for C compiler version
configure:5798: gcc --version >&5
gcc (Ubuntu 11.4.0-1ubuntu1~22.04.2) 11.4.0
Copyright (C) 2021 Free Software Foundation, Inc.
This is free software; see the source for copying conditions.  There is NO
warranty; not even for MERCHANTABILITY or FITNESS FOR A PARTICULAR PURPOSE.

configure:5809: $? = 0
configure:5798: gcc -v >&5
Using built-in specs.
COLLECT_GCC=gcc
COLLECT_LTO_WRAPPER=/usr/lib/gcc/x86_64-linux-gnu/11/lto-wrapper
OFFLOAD_TARGET_NAMES=nvptx-none:amdgcn-amdhsa
OFFLOAD_TARGET_DEFAULT=1
Target: x86_64-linux-gnu
Configured with: ../src/configure -v --with-pkgversion='Ubuntu 11.4.0-1ubuntu1~22.04.2' --with-bugurl=file:///usr/share/doc/gcc-11/README.Bugs --enable-languages=c,ada,c++,go,brig,d,fortran,objc,obj-c++,m2 --prefix=/usr --with-gcc-major-version-only --program-suffix=-11 --program-prefix=x86_64-linux-gnu- --enable-shared --enable-linker-build-id --libexecdir=/usr/lib --without-included-gettext --enable-threads=posix --libdir=/usr/lib --enable-nls --enable-bootstrap --enable-clocale=gnu --enable-libstdcxx-debug --enable-libstdcxx-time=yes --with-default-libstdcxx-abi=new --enable-gnu-unique-object --disable-vtable-verify --enable-plugin --enable-default-pie --with-system-zlib --enable-libphobos-checking=release --with-target-system-zlib=auto --enable-objc-gc=auto --enable-multiarch --disable-werror --enable-cet --with-arch-32=i686 --with-abi=m64 --with-multilib-list=m32,m64,mx32 --enable-multilib --with-tune=generic --enable-offload-targets=nvptx-none=/build/gcc-11-2Y5pKs/gcc-11-11.4.0/debian/tmp-nvptx/usr,amdgcn-amdhsa=/build/gcc-11-2Y5pKs/gcc-11-11.4.0/debian/tmp-gcn/usr --without-cuda-driver --enable-checking=release --build=x86_64-linux-gnu --host=x86_64-linux-gnu --target=x86_64-linux-gnu --with-build-config=bootstrap-lto-lean --enable-link-serialization=2
Thread model: posix
Supported LTO compression algorithms: zlib zstd
gcc version 11.4.0 (Ubuntu 11.4.0-1ubuntu1~22.04.2) 
... rest of stderr output deleted ...
configure:5809: $? = 0
configure:5798: gcc -V >&5
gcc: error: unrecognized command-line option '-V'
gcc: fatal error: no input files
compilation terminated.
configure:5809: $? = 1
configure:5798: gcc -qversion >&5
gcc: error: unrecognized command-line option '-qversion'; did you mean '--version'?
gcc: fatal error: no input files
compilation terminated.
configure:5809: $? = 1
configure:5798: gcc -version >&5
gcc: error: unrecognized command-line option '-version'
gcc: fatal error: no input files
compilation terminated.
configure:5809: $? = 1
configure:5813: checking whether the compiler supports GNU C
configure:5843: result: yes
configure:5854: checking whether gcc accepts -g
configure:5919: result: yes
configure:5939: checking for gcc option to enable C11 features
configure:5972: result: none needed
configure:6088: checking whether gcc understands -c and -o together
configure:6126: result: yes
configure:6145: checking dependency style of gcc
configure:6257: result: gcc3
configure:6276: checking for maximum warnings compiler flag
configure:6293: result: -Wall
configure:6571: checking how to run the C preprocessor
configure:6597: gcc -E  conftest.c
configure:6597: $? = 0
configure:6612: gcc -E  conftest.c
conftest.c:39:10: fatal error: ac_nonexistent.h: No such file or directory
   39 | #include <ac_nonexistent.h>
      |          ^~~~~~~~~~~~~~~~~~
compilation terminated.
configure:6612: $? = 1
configure: failed program was:
| /* confdefs.h */
| #define PACKAGE_NAME "sofia-sip"
| #define PACKAGE_TARNAME "sofia-sip"
| #define PACKAGE_VERSION "1.13.17"
| #define PACKAGE_STRING "sofia-sip 1.13.17"
| #define PACKAGE_BUGREPORT ""
| #define PACKAGE_URL ""
| #define PACKAGE "sofia-sip"
| #define VERSION "1.13.17"
| #define HAVE_STDIO_H 1
| #define HAVE_STDLIB_H 1
| #define HAVE_STRING_H 1
| #define HAVE_INTTYPES_H 1
| #define HAVE_STDINT_H 1
| #define HAVE_STRINGS_H 1
| #define HAVE_SYS_STAT_H 1
| #define HAVE_SYS_TYPES_H 1
| #define HAVE_UNISTD_H 1
| #define HAVE_WCHAR_H 1
| #define HAVE_SYS_TIME_H 1
| #define STDC_HEADERS 1
| #define _ALL_SOURCE 1
| #define _DARWIN_C_SOURCE 1
| #define _GNU_SOURCE 1
| #define _HPUX_ALT_XOPEN_SOCKET_API 1
| #define _NETBSD_SOURCE 1
| #define _OPENBSD_SOURCE 1
| #define _POSIX_PTHREAD_SEMANTICS 1
| #define __STDC_WANT_IEC_60559_ATTRIBS_EXT__ 1
| #define __STDC_WANT_IEC_60559_BFP_EXT__ 1
| #define __STDC_WANT_IEC_60559_DFP_EXT__ 1
| #define __STDC_WANT_IEC_60559_FUNCS_EXT__ 1
| #define __STDC_WANT_IEC_60559_TYPES_EXT__ 1
| #define __STDC_WANT_LIB_EXT2__ 1
| #define __STDC_WANT_MATH_SPEC_FUNCS__ 1
| #define _TANDEM_SOURCE 1
| #define __EXTENSIONS__ 1
| /* end confdefs.h.  */
| #include <ac_nonexistent.h>
configure:6639: result: gcc -E
configure:6653: gcc -E  conftest.c
configure:6653: $? = 0
configure:6668: gcc -E  conftest.c
conftest.c:39:10: fatal error: ac_nonexistent.h: No such file or directory
   39 | #include <ac_nonexistent.h>
      |          ^~~~~~~~~~~~~~~~~~
compilation terminated.
configure:6668: $? = 1
configure: failed program was:
| /* confdefs.h */
| #define PACKAGE_NAME "sofia-sip"
| #define PACKAGE_TARNAME "sofia-sip"
| #define PACKAGE_VERSION "1.13.17"
| #define PACKAGE_STRING "sofia-sip 1.13.17"
| #define PACKAGE_BUGREPORT ""
| #define PACKAGE_URL ""
| #define PACKAGE "sofia-sip"
| #define VERSION "1.13.17"
| #define HAVE_STDIO_H 1
| #define HAVE_STDLIB_H 1
| #define HAVE_STRING_H 1
| #define HAVE_INTTYPES_H 1
| #define HAVE_STDINT_H 1
| #define HAVE_STRINGS_H 1
| #define HAVE_SYS_STAT_H 1
| #define HAVE_SYS_TYPES_H 1
| #define HAVE_UNISTD_H 1
| #define HAVE_WCHAR_H 1
| #define HAVE_SYS_TIME_H 1
| #define STDC_HEADERS 1
| #define _ALL_SOURCE 1
| #define _DARWIN_C_SOURCE 1
| #define _GNU_SOURCE 1
| #define _HPUX_ALT_XOPEN_SOCKET_API 1
| #define _NETBSD_SOURCE 1
| #define _OPENBSD_SOURCE 1
| #define _POSIX_PTHREAD_SEMANTICS 1
| #define __STDC_WANT_IEC_60559_ATTRIBS_EXT__ 1
| #define __STDC_WANT_IEC_60559_BFP_EXT__ 1
| #define __STDC_WANT_IEC_60559_DFP_EXT__ 1
| #define __STDC_WANT_IEC_60559_FUNCS_EXT__ 1
| #define __STDC_WANT_IEC_60559_TYPES_EXT__ 1
| #define __STDC_WANT_LIB_EXT2__ 1
| #define __STDC_WANT_MATH_SPEC_FUNCS__ 1
| #define _TANDEM_SOURCE 1
| #define __EXTENSIONS__ 1
| /* end confdefs.h.  */
| #include <ac_nonexistent.h>
configure:6700: checking for etags
configure:6733: result: etags
configure:6789: checking for ar
configure:6810: found /usr/bin/ar
configure:6821: result: ar
configure:6891: checking for ld
configure:6912: found /usr/bin/ld
configure:6923: result: ld
configure:6992: checking how to print strings
configure:7019: result: printf
configure:7040: checking for a sed that does not truncate output
configure:7110: result: /usr/bin/sed
configure:7128: checking for grep that handles long lines and -e
configure:7192: result: /usr/bin/grep
configure:7197: checking for egrep
configure:7265: result: /usr/bin/grep -E
configure:7270: checking for fgrep
configure:7338: result: /usr/bin/grep -F
configure:7374: checking for ld used by gcc
configure:7442: result: ld
configure:7449: checking if the linker (ld) is GNU ld
configure:7465: result: yes
configure:7477: checking for BSD- or MS-compatible name lister (nm)
configure:7532: result: /usr/bin/nm -B
configure:7672: checking the name lister (/usr/bin/nm -B) interface
configure:7680: gcc -c   -DSU_DEBUG=0   conftest.c >&5
configure:7683: /usr/bin/nm -B "conftest.o"
configure:7686: output
0000000000000000 B some_variable
configure:7693: result: BSD nm
configure:7696: checking whether ln -s works
configure:7700: result: yes
configure:7708: checking the maximum length of command line arguments
configure:7840: result: 1572864
configure:7888: checking how to convert x86_64-pc-linux-gnu file names to x86_64-pc-linux-gnu format
configure:7929: result: func_convert_file_noop
configure:7936: checking how to convert x86_64-pc-linux-gnu file names to toolchain format
configure:7957: result: func_convert_file_noop
configure:7964: checking for ld option to reload object files
configure:7972: result: -r
configure:8051: checking for objdump
configure:8072: found /usr/bin/objdump
configure:8083: result: objdump
configure:8115: checking how to recognize dependent libraries
configure:8316: result: pass_all
configure:8406: checking for dlltool
configure:8441: result: no
configure:8471: checking how to associate runtime and link libraries
configure:8499: result: printf %s\n
configure:8633: checking for archiver @FILE support
configure:8651: gcc -c   -DSU_DEBUG=0   conftest.c >&5
configure:8651: $? = 0
configure:8655: ar cr libconftest.a @conftest.lst >&5
configure:8658: $? = 0
configure:8663: ar cr libconftest.a @conftest.lst >&5
ar: conftest.o: No such file or directory
configure:8666: $? = 1
configure:8678: result: @
configure:8741: checking for strip
configure:8762: found /usr/bin/strip
configure:8773: result: strip
configure:8850: checking for ranlib
configure:8871: found /usr/bin/ranlib
configure:8882: result: ranlib
configure:8984: checking command to parse /usr/bin/nm -B output from gcc object
configure:9138: gcc -c   -DSU_DEBUG=0   conftest.c >&5
configure:9141: $? = 0
configure:9145: /usr/bin/nm -B conftest.o | sed -n -e 's/^.*[	 ]\([ABCDGIRSTW][ABCDGIRSTW]*\)[	 ][	 ]*\([_A-Za-z][_A-Za-z0-9]*\)$/\1 \2 \2/p' | sed '/ __gnu_lto/d' > conftest.nm
configure:9211: gcc -o conftest   -DSU_DEBUG=0     conftest.c conftstm.o >&5
configure:9214: $? = 0
configure:9252: result: ok
configure:9299: checking for sysroot
configure:9330: result: no
configure:9337: checking for a working dd
configure:9381: result: /usr/bin/dd
configure:9385: checking how to truncate binary pipes
configure:9401: result: /usr/bin/dd bs=4096 count=1
configure:9538: gcc -c   -DSU_DEBUG=0   conftest.c >&5
configure:9541: $? = 0
configure:9738: checking for mt
configure:9759: found /usr/bin/mt
configure:9770: result: mt
configure:9793: checking if mt is a manifest tool
configure:9800: mt '-?'
configure:9808: result: no
configure:10534: checking for dlfcn.h
configure:10534: gcc -c   -DSU_DEBUG=0   conftest.c >&5
configure:10534: $? = 0
configure:10534: result: yes
configure:10793: checking for objdir
configure:10809: result: .libs
configure:11073: checking if gcc supports -fno-rtti -fno-exceptions
configure:11092: gcc -c   -DSU_DEBUG=0   -fno-rtti -fno-exceptions conftest.c >&5
cc1: warning: command-line option '-fno-rtti' is valid for C++/D/ObjC++ but not for C
configure:11096: $? = 0
configure:11109: result: no
configure:11473: checking for gcc option to produce PIC
configure:11481: result: -fPIC -DPIC
configure:11489: checking if gcc PIC flag -fPIC -DPIC works
configure:11508: gcc -c   -DSU_DEBUG=0   -fPIC -DPIC -DPIC conftest.c >&5
configure:11512: $? = 0
configure:11525: result: yes
configure:11554: checking if gcc static flag -static works
configure:11583: result: yes
configure:11598: checking if gcc supports -c -o file.o
configure:11620: gcc -c   -DSU_DEBUG=0   -o out/conftest2.o conftest.c >&5
configure:11624: $? = 0
configure:11646: result: yes
configure:11654: checking if gcc supports -c -o file.o
configure:11702: result: yes
configure:11735: checking whether the gcc linker (ld -m elf_x86_64) supports shared libraries
configure:13005: result: yes
configure:13042: checking whether -lc should be explicitly linked in
configure:13051: gcc -c   -DSU_DEBUG=0   conftest.c >&5
configure:13054: $? = 0
configure:13069: gcc -shared  -fPIC -DPIC conftest.o  -v -Wl,-soname -Wl,conftest -o conftest 2\>\&1 \| /usr/bin/grep  -lc  \>/dev/null 2\>\&1
configure:13072: $? = 0
configure:13086: result: no
configure:13246: checking dynamic linker characteristics
configure:13828: gcc -o conftest   -DSU_DEBUG=0     -Wl,-rpath -Wl,/foo conftest.c  >&5
configure:13828: $? = 0
configure:14079: result: GNU/Linux ld.so
configure:14201: checking how to hardcode library paths into programs
configure:14226: result: immediate
configure:14778: checking whether stripping libraries is possible
configure:14783: result: yes
configure:14818: checking if libtool supports shared libraries
configure:14820: result: yes
configure:14823: checking whether to build shared libraries
configure:14848: result: yes
configure:14851: checking whether to build static libraries
configure:14855: result: yes
configure:14955: checking for doxygen
configure:14988: result: echo
configure:15008: checking for C compiler vendor
configure:15033: gcc -c   -DSU_DEBUG=0   conftest.c >&5
conftest.c: In function 'main':
conftest.c:47:7: error: 'thisisanerror' undeclared (first use in this function)
   47 |       thisisanerror;
      |       ^~~~~~~~~~~~~
conftest.c:47:7: note: each undeclared identifier is reported only once for each function it appears in
configure:15033: $? = 1
configure: failed program was:
| /* confdefs.h */
| #define PACKAGE_NAME "sofia-sip"
| #define PACKAGE_TARNAME "sofia-sip"
| #define PACKAGE_VERSION "1.13.17"
| #define PACKAGE_STRING "sofia-sip 1.13.17"
| #define PACKAGE_BUGREPORT ""
| #define PACKAGE_URL ""
| #define PACKAGE "sofia-sip"
| #define VERSION "1.13.17"
| #define HAVE_STDIO_H 1
| #define HAVE_STDLIB_H 1
| #define HAVE_STRING_H 1
| #define HAVE_INTTYPES_H 1
| #define HAVE_STDINT_H 1
| #define HAVE_STRINGS_H 1
| #define HAVE_SYS_STAT_H 1
| #define HAVE_SYS_TYPES_H 1
| #define HAVE_UNISTD_H 1
| #define HAVE_WCHAR_H 1
| #define HAVE_SYS_TIME_H 1
| #define STDC_HEADERS 1
| #define _ALL_SOURCE 1
| #define _DARWIN_C_SOURCE 1
| #define _GNU_SOURCE 1
| #define _HPUX_ALT_XOPEN_SOCKET_API 1
| #define _NETBSD_SOURCE 1
| #define _OPENBSD_SOURCE 1
| #define _POSIX_PTHREAD_SEMANTICS 1
| #define __STDC_WANT_IEC_60559_ATTRIBS_EXT__ 1
| #define __STDC_WANT_IEC_60559_BFP_EXT__ 1
| #define __STDC_WANT_IEC_60559_DFP_EXT__ 1
| #define __STDC_WANT_IEC_60559_FUNCS_EXT__ 1
| #define __STDC_WANT_IEC_60559_TYPES_EXT__ 1
| #define __STDC_WANT_LIB_EXT2__ 1
| #define __STDC_WANT_MATH_SPEC_FUNCS__ 1
| #define _TANDEM_SOURCE 1
| #define __EXTENSIONS__ 1
| #define HAVE_DLFCN_H 1
| #define LT_OBJDIR ".libs/"
| /* end confdefs.h.  */
| 
| int
| main (void)
| {
| 
| #if !(defined(__ICC) || defined(__ECC) || defined(__INTEL_COMPILER))
|       thisisanerror;
| #endif
| 
|   ;
|   return 0;
| }
configure:15033: gcc -c   -DSU_DEBUG=0   conftest.c >&5
conftest.c: In function 'main':
conftest.c:47:7: error: 'thisisanerror' undeclared (first use in this function)
   47 |       thisisanerror;
      |       ^~~~~~~~~~~~~
conftest.c:47:7: note: each undeclared identifier is reported only once for each function it appears in
configure:15033: $? = 1
configure: failed program was:
| /* confdefs.h */
| #define PACKAGE_NAME "sofia-sip"
| #define PACKAGE_TARNAME "sofia-sip"
| #define PACKAGE_VERSION "1.13.17"
| #define PACKAGE_STRING "sofia-sip 1.13.17"
| #define PACKAGE_BUGREPORT ""
| #define PACKAGE_URL ""
| #define PACKAGE "sofia-sip"
| #define VERSION "1.13.17"
| #define HAVE_STDIO_H 1
| #define HAVE_STDLIB_H 1
| #define HAVE_STRING_H 1
| #define HAVE_INTTYPES_H 1
| #define HAVE_STDINT_H 1
| #define HAVE_STRINGS_H 1
| #define HAVE_SYS_STAT_H 1
| #define HAVE_SYS_TYPES_H 1
| #define HAVE_UNISTD_H 1
| #define HAVE_WCHAR_H 1
| #define HAVE_SYS_TIME_H 1
| #define STDC_HEADERS 1
| #define _ALL_SOURCE 1
| #define _DARWIN_C_SOURCE 1
| #define _GNU_SOURCE 1
| #define _HPUX_ALT_XOPEN_SOCKET_API 1
| #define _NETBSD_SOURCE 1
| #define _OPENBSD_SOURCE 1
| #define _POSIX_PTHREAD_SEMANTICS 1
| #define __STDC_WANT_IEC_60559_ATTRIBS_EXT__ 1
| #define __STDC_WANT_IEC_60559_BFP_EXT__ 1
| #define __STDC_WANT_IEC_60559_DFP_EXT__ 1
| #define __STDC_WANT_IEC_60559_FUNCS_EXT__ 1
| #define __STDC_WANT_IEC_60559_TYPES_EXT__ 1
| #define __STDC_WANT_LIB_EXT2__ 1
| #define __STDC_WANT_MATH_SPEC_FUNCS__ 1
| #define _TANDEM_SOURCE 1
| #define __EXTENSIONS__ 1
| #define HAVE_DLFCN_H 1
| #define LT_OBJDIR ".libs/"
| /* end confdefs.h.  */
| 
| int
| main (void)
| {
| 
| #if !(defined(__xlc__) || defined(__xlC__) || defined(__IBMC__) || defined(__IBMCPP__))
|       thisisanerror;
| #endif
| 
|   ;
|   return 0;
| }
configure:15033: gcc -c   -DSU_DEBUG=0   conftest.c >&5
configure:15033: $? = 0
configure:15041: result: gnu
configure:15080: checking for egrep
configure:15148: result: /usr/bin/grep -E
configure:15161: checking return type of signal handlers
configure:15180: gcc -c   -DSU_DEBUG=0   conftest.c >&5
conftest.c: In function 'main':
conftest.c:47:10: error: void value not ignored as it ought to be
   47 | return *(signal (0, 0)) (0) == 1;
      |         ~^~~~~~~~~~~~~~~~~~
configure:15180: $? = 1
configure: failed program was:
| /* confdefs.h */
| #define PACKAGE_NAME "sofia-sip"
| #define PACKAGE_TARNAME "sofia-sip"
| #define PACKAGE_VERSION "1.13.17"
| #define PACKAGE_STRING "sofia-sip 1.13.17"
| #define PACKAGE_BUGREPORT ""
| #define PACKAGE_URL ""
| #define PACKAGE "sofia-sip"
| #define VERSION "1.13.17"
| #define HAVE_STDIO_H 1
| #define HAVE_STDLIB_H 1
| #define HAVE_STRING_H 1
| #define HAVE_INTTYPES_H 1
| #define HAVE_STDINT_H 1
| #define HAVE_STRINGS_H 1
| #define HAVE_SYS_STAT_H 1
| #define HAVE_SYS_TYPES_H 1
| #define HAVE_UNISTD_H 1
| #define HAVE_WCHAR_H 1
| #define HAVE_SYS_TIME_H 1
| #define STDC_HEADERS 1
| #define _ALL_SOURCE 1
| #define _DARWIN_C_SOURCE 1
| #define _GNU_SOURCE 1
| #define _HPUX_ALT_XOPEN_SOCKET_API 1
| #define _NETBSD_SOURCE 1
| #define _OPENBSD_SOURCE 1
| #define _POSIX_PTHREAD_SEMANTICS 1
| #define __STDC_WANT_IEC_60559_ATTRIBS_EXT__ 1
| #define __STDC_WANT_IEC_60559_BFP_EXT__ 1
| #define __STDC_WANT_IEC_60559_DFP_EXT__ 1
| #define __STDC_WANT_IEC_60559_FUNCS_EXT__ 1
| #define __STDC_WANT_IEC_60559_TYPES_EXT__ 1
| #define __STDC_WANT_LIB_EXT2__ 1
| #define __STDC_WANT_MATH_SPEC_FUNCS__ 1
| #define _TANDEM_SOURCE 1
| #define __EXTENSIONS__ 1
| #define HAVE_DLFCN_H 1
| #define LT_OBJDIR ".libs/"
| /* end confdefs.h.  */
| #include <sys/types.h>
| #include <signal.h>
| 
| int
| main (void)
| {
| return *(signal (0, 0)) (0) == 1;
|   ;
|   return 0;
| }
configure:15188: result: void
configure:15194: checking for long long
configure:15194: gcc -c   -DSU_DEBUG=0   conftest.c >&5
configure:15194: $? = 0
configure:15194: gcc -c   -DSU_DEBUG=0   conftest.c >&5
conftest.c: In function 'main':
conftest.c:73:24: error: expected expression before ')' token
   73 | if (sizeof ((long long)))
      |                        ^
configure:15194: $? = 1
configure: failed program was:
| /* confdefs.h */
| #define PACKAGE_NAME "sofia-sip"
| #define PACKAGE_TARNAME "sofia-sip"
| #define PACKAGE_VERSION "1.13.17"
| #define PACKAGE_STRING "sofia-sip 1.13.17"
| #define PACKAGE_BUGREPORT ""
| #define PACKAGE_URL ""
| #define PACKAGE "sofia-sip"
| #define VERSION "1.13.17"
| #define HAVE_STDIO_H 1
| #define HAVE_STDLIB_H 1
| #define HAVE_STRING_H 1
| #define HAVE_INTTYPES_H 1
| #define HAVE_STDINT_H 1
| #define HAVE_STRINGS_H 1
| #define HAVE_SYS_STAT_H 1
| #define HAVE_SYS_TYPES_H 1
| #define HAVE_UNISTD_H 1
| #define HAVE_WCHAR_H 1
| #define HAVE_SYS_TIME_H 1
| #define STDC_HEADERS 1
| #define _ALL_SOURCE 1
| #define _DARWIN_C_SOURCE 1
| #define _GNU_SOURCE 1
| #define _HPUX_ALT_XOPEN_SOCKET_API 1
| #define _NETBSD_SOURCE 1
| #define _OPENBSD_SOURCE 1
| #define _POSIX_PTHREAD_SEMANTICS 1
| #define __STDC_WANT_IEC_60559_ATTRIBS_EXT__ 1
| #define __STDC_WANT_IEC_60559_BFP_EXT__ 1
| #define __STDC_WANT_IEC_60559_DFP_EXT__ 1
| #define __STDC_WANT_IEC_60559_FUNCS_EXT__ 1
| #define __STDC_WANT_IEC_60559_TYPES_EXT__ 1
| #define __STDC_WANT_LIB_EXT2__ 1
| #define __STDC_WANT_MATH_SPEC_FUNCS__ 1
| #define _TANDEM_SOURCE 1
| #define __EXTENSIONS__ 1
| #define HAVE_DLFCN_H 1
| #define LT_OBJDIR ".libs/"
| #define RETSIGTYPE void
| /* end confdefs.h.  */
| #include <stddef.h>
| #ifdef HAVE_STDIO_H
| # include <stdio.h>
| #endif
| #ifdef HAVE_STDLIB_H
| # include <stdlib.h>
| #endif
| #ifdef HAVE_STRING_H
| # include <string.h>
| #endif
| #ifdef HAVE_INTTYPES_H
| # include <inttypes.h>
| #endif
| #ifdef HAVE_STDINT_H
| # include <stdint.h>
| #endif
| #ifdef HAVE_STRINGS_H
| # include <strings.h>
| #endif
| #ifdef HAVE_SYS_TYPES_H
| # include <sys/types.h>
| #endif
| #ifdef HAVE_SYS_STAT_H
| # include <sys/stat.h>
| #endif
| #ifdef HAVE_UNISTD_H
| # include <unistd.h>
| #endif
| int
| main (void)
| {
| if (sizeof ((long long)))
| 	    return 0;
|   ;
|   return 0;
| }
configure:15194: result: yes
configure:15205: checking whether IO functions support C99 size specifiers
configure:15234: gcc -o conftest   -DSU_DEBUG=0     conftest.c  >&5
configure:15234: $? = 0
configure:15234: ./conftest
configure:15234: $? = 0
configure:15246: result: yes
configure:15386: checking for an ANSI C-conforming const
configure:15453: gcc -c   -DSU_DEBUG=0   conftest.c >&5
configure:15453: $? = 0
configure:15461: result: yes
configure:15469: checking for inline
configure:15486: gcc -c   -DSU_DEBUG=0   conftest.c >&5
configure:15486: $? = 0
configure:15495: result: inline
configure:15514: checking for inline
configure:15540: result: inline
configure:15564: checking whether byte ordering is bigendian
configure:15580: gcc -c   -DSU_DEBUG=0   conftest.c >&5
conftest.c:51:16: error: unknown type name 'not'
   51 |                not a universal capable compiler
      |                ^~~
conftest.c:51:22: error: expected '=', ',', ';', 'asm' or '__attribute__' before 'universal'
   51 |                not a universal capable compiler
      |                      ^~~~~~~~~
conftest.c:51:22: error: unknown type name 'universal'
configure:15580: $? = 1
configure: failed program was:
| /* confdefs.h */
| #define PACKAGE_NAME "sofia-sip"
| #define PACKAGE_TARNAME "sofia-sip"
| #define PACKAGE_VERSION "1.13.17"
| #define PACKAGE_STRING "sofia-sip 1.13.17"
| #define PACKAGE_BUGREPORT ""
| #define PACKAGE_URL ""
| #define PACKAGE "sofia-sip"
| #define VERSION "1.13.17"
| #define HAVE_STDIO_H 1
| #define HAVE_STDLIB_H 1
| #define HAVE_STRING_H 1
| #define HAVE_INTTYPES_H 1
| #define HAVE_STDINT_H 1
| #define HAVE_STRINGS_H 1
| #define HAVE_SYS_STAT_H 1
| #define HAVE_SYS_TYPES_H 1
| #define HAVE_UNISTD_H 1
| #define HAVE_WCHAR_H 1
| #define HAVE_SYS_TIME_H 1
| #define STDC_HEADERS 1
| #define _ALL_SOURCE 1
| #define _DARWIN_C_SOURCE 1
| #define _GNU_SOURCE 1
| #define _HPUX_ALT_XOPEN_SOCKET_API 1
| #define _NETBSD_SOURCE 1
| #define _OPENBSD_SOURCE 1
| #define _POSIX_PTHREAD_SEMANTICS 1
| #define __STDC_WANT_IEC_60559_ATTRIBS_EXT__ 1
| #define __STDC_WANT_IEC_60559_BFP_EXT__ 1
| #define __STDC_WANT_IEC_60559_DFP_EXT__ 1
| #define __STDC_WANT_IEC_60559_FUNCS_EXT__ 1
| #define __STDC_WANT_IEC_60559_TYPES_EXT__ 1
| #define __STDC_WANT_LIB_EXT2__ 1
| #define __STDC_WANT_MATH_SPEC_FUNCS__ 1
| #define _TANDEM_SOURCE 1
| #define __EXTENSIONS__ 1
| #define HAVE_DLFCN_H 1
| #define LT_OBJDIR ".libs/"
| #define RETSIGTYPE void
| #define longlong long long
| #define HAVE_C99_FORMAT 1
| #define LLU "%llu"
| #define LLI "%lli"
| #define LLX "%llx"
| #define MOD_ZD "%zd"
| #define MOD_ZU "%zu"
| #define HAVE_INLINE 1
| /* end confdefs.h.  */
| #ifndef __APPLE_CC__
| 	       not a universal capable compiler
| 	     #endif
| 	     typedef int dummy;
| 
configure:15626: gcc -c   -DSU_DEBUG=0   conftest.c >&5
configure:15626: $? = 0
configure:15645: gcc -c   -DSU_DEBUG=0   conftest.c >&5
conftest.c: In function 'main':
conftest.c:57:18: error: unknown type name 'not'; did you mean 'ino_t'?
   57 |                  not big endian
      |                  ^~~
      |                  ino_t
conftest.c:57:26: error: expected '=', ',', ';', 'asm' or '__attribute__' before 'endian'
   57 |                  not big endian
      |                          ^~~~~~
configure:15645: $? = 1
configure: failed program was:
| /* confdefs.h */
| #define PACKAGE_NAME "sofia-sip"
| #define PACKAGE_TARNAME "sofia-sip"
| #define PACKAGE_VERSION "1.13.17"
| #define PACKAGE_STRING "sofia-sip 1.13.17"
| #define PACKAGE_BUGREPORT ""
| #define PACKAGE_URL ""
| #define PACKAGE "sofia-sip"
| #define VERSION "1.13.17"
| #define HAVE_STDIO_H 1
| #define HAVE_STDLIB_H 1
| #define HAVE_STRING_H 1
| #define HAVE_INTTYPES_H 1
| #define HAVE_STDINT_H 1
| #define HAVE_STRINGS_H 1
| #define HAVE_SYS_STAT_H 1
| #define HAVE_SYS_TYPES_H 1
| #define HAVE_UNISTD_H 1
| #define HAVE_WCHAR_H 1
| #define HAVE_SYS_TIME_H 1
| #define STDC_HEADERS 1
| #define _ALL_SOURCE 1
| #define _DARWIN_C_SOURCE 1
| #define _GNU_SOURCE 1
| #define _HPUX_ALT_XOPEN_SOCKET_API 1
| #define _NETBSD_SOURCE 1
| #define _OPENBSD_SOURCE 1
| #define _POSIX_PTHREAD_SEMANTICS 1
| #define __STDC_WANT_IEC_60559_ATTRIBS_EXT__ 1
| #define __STDC_WANT_IEC_60559_BFP_EXT__ 1
| #define __STDC_WANT_IEC_60559_DFP_EXT__ 1
| #define __STDC_WANT_IEC_60559_FUNCS_EXT__ 1
| #define __STDC_WANT_IEC_60559_TYPES_EXT__ 1
| #define __STDC_WANT_LIB_EXT2__ 1
| #define __STDC_WANT_MATH_SPEC_FUNCS__ 1
| #define _TANDEM_SOURCE 1
| #define __EXTENSIONS__ 1
| #define HAVE_DLFCN_H 1
| #define LT_OBJDIR ".libs/"
| #define RETSIGTYPE void
| #define longlong long long
| #define HAVE_C99_FORMAT 1
| #define LLU "%llu"
| #define LLI "%lli"
| #define LLX "%llx"
| #define MOD_ZD "%zd"
| #define MOD_ZU "%zu"
| #define HAVE_INLINE 1
| /* end confdefs.h.  */
| #include <sys/types.h>
| 		#include <sys/param.h>
| 
| int
| main (void)
| {
| #if BYTE_ORDER != BIG_ENDIAN
| 		 not big endian
| 		#endif
| 
|   ;
|   return 0;
| }
configure:15779: result: no
configure:15802: checking whether gcc recognizes __func__
configure:15820: gcc -c   -DSU_DEBUG=0   conftest.c >&5
conftest.c: In function 'main':
conftest.c:55:11: warning: initialization discards 'const' qualifier from pointer target type [-Wdiscarded-qualifiers]
   55 | char *s = __func__;
      |           ^~~~~~~~
configure:15820: $? = 0
configure:15828: result: yes
configure:15837: checking whether gcc recognizes __FUNCTION__
configure:15856: gcc -c   -DSU_DEBUG=0   conftest.c >&5
conftest.c: In function 'main':
conftest.c:57:11: warning: initialization discards 'const' qualifier from pointer target type [-Wdiscarded-qualifiers]
   57 | char *s = __FUNCTION__;
      |           ^~~~~~~~~~~~
configure:15856: $? = 0
configure:15864: result: yes
configure:15874: checking whether gcc recognizes field names in struct initialization
configure:15894: gcc -c   -DSU_DEBUG=0   conftest.c >&5
configure:15894: $? = 0
configure:15902: result: yes
configure:15921: checking for size_t
configure:15921: gcc -c   -DSU_DEBUG=0   conftest.c >&5
configure:15921: $? = 0
configure:15921: gcc -c   -DSU_DEBUG=0   conftest.c >&5
conftest.c: In function 'main':
conftest.c:86:21: error: expected expression before ')' token
   86 | if (sizeof ((size_t)))
      |                     ^
configure:15921: $? = 1
configure: failed program was:
| /* confdefs.h */
| #define PACKAGE_NAME "sofia-sip"
| #define PACKAGE_TARNAME "sofia-sip"
| #define PACKAGE_VERSION "1.13.17"
| #define PACKAGE_STRING "sofia-sip 1.13.17"
| #define PACKAGE_BUGREPORT ""
| #define PACKAGE_URL ""
| #define PACKAGE "sofia-sip"
| #define VERSION "1.13.17"
| #define HAVE_STDIO_H 1
| #define HAVE_STDLIB_H 1
| #define HAVE_STRING_H 1
| #define HAVE_INTTYPES_H 1
| #define HAVE_STDINT_H 1
| #define HAVE_STRINGS_H 1
| #define HAVE_SYS_STAT_H 1
| #define HAVE_SYS_TYPES_H 1
| #define HAVE_UNISTD_H 1
| #define HAVE_WCHAR_H 1
| #define HAVE_SYS_TIME_H 1
| #define STDC_HEADERS 1
| #define _ALL_SOURCE 1
| #define _DARWIN_C_SOURCE 1
| #define _GNU_SOURCE 1
| #define _HPUX_ALT_XOPEN_SOCKET_API 1
| #define _NETBSD_SOURCE 1
| #define _OPENBSD_SOURCE 1
| #define _POSIX_PTHREAD_SEMANTICS 1
| #define __STDC_WANT_IEC_60559_ATTRIBS_EXT__ 1
| #define __STDC_WANT_IEC_60559_BFP_EXT__ 1
| #define __STDC_WANT_IEC_60559_DFP_EXT__ 1
| #define __STDC_WANT_IEC_60559_FUNCS_EXT__ 1
| #define __STDC_WANT_IEC_60559_TYPES_EXT__ 1
| #define __STDC_WANT_LIB_EXT2__ 1
| #define __STDC_WANT_MATH_SPEC_FUNCS__ 1
| #define _TANDEM_SOURCE 1
| #define __EXTENSIONS__ 1
| #define HAVE_DLFCN_H 1
| #define LT_OBJDIR ".libs/"
| #define RETSIGTYPE void
| #define longlong long long
| #define HAVE_C99_FORMAT 1
| #define LLU "%llu"
| #define LLI "%lli"
| #define LLX "%llx"
| #define MOD_ZD "%zd"
| #define MOD_ZU "%zu"
| #define HAVE_INLINE 1
| #define SWITCH_BYTE_ORDER __LITTLE_ENDIAN
| #define HAVE_FUNC 1
| #define HAVE_FUNCTION 1
| #define HAVE_STRUCT_KEYWORDS 1
| #define TIME_WITH_SYS_TIME 1
| /* end confdefs.h.  */
| #include <stddef.h>
| #ifdef HAVE_STDIO_H
| # include <stdio.h>
| #endif
| #ifdef HAVE_STDLIB_H
| # include <stdlib.h>
| #endif
| #ifdef HAVE_STRING_H
| # include <string.h>
| #endif
| #ifdef HAVE_INTTYPES_H
| # include <inttypes.h>
| #endif
| #ifdef HAVE_STDINT_H
| # include <stdint.h>
| #endif
| #ifdef HAVE_STRINGS_H
| # include <strings.h>
| #endif
| #ifdef HAVE_SYS_TYPES_H
| # include <sys/types.h>
| #endif
| #ifdef HAVE_SYS_STAT_H
| # include <sys/stat.h>
| #endif
| #ifdef HAVE_UNISTD_H
| # include <unistd.h>
| #endif
| int
| main (void)
| {
| if (sizeof ((size_t)))
| 	    return 0;
|   ;
|   return 0;
| }
configure:15921: result: yes
configure:15933: checking for sa_len
configure:15952: gcc -c   -DSU_DEBUG=0   conftest.c >&5
conftest.c: In function 'main':
conftest.c:61:21: error: 'struct sockaddr' has no member named 'sa_len'
   61 |  struct sockaddr t;t.sa_len = 0;
      |                     ^
configure:15952: $? = 1
configure: failed program was:
| /* confdefs.h */
| #define PACKAGE_NAME "sofia-sip"
| #define PACKAGE_TARNAME "sofia-sip"
| #define PACKAGE_VERSION "1.13.17"
| #define PACKAGE_STRING "sofia-sip 1.13.17"
| #define PACKAGE_BUGREPORT ""
| #define PACKAGE_URL ""
| #define PACKAGE "sofia-sip"
| #define VERSION "1.13.17"
| #define HAVE_STDIO_H 1
| #define HAVE_STDLIB_H 1
| #define HAVE_STRING_H 1
| #define HAVE_INTTYPES_H 1
| #define HAVE_STDINT_H 1
| #define HAVE_STRINGS_H 1
| #define HAVE_SYS_STAT_H 1
| #define HAVE_SYS_TYPES_H 1
| #define HAVE_UNISTD_H 1
| #define HAVE_WCHAR_H 1
| #define HAVE_SYS_TIME_H 1
| #define STDC_HEADERS 1
| #define _ALL_SOURCE 1
| #define _DARWIN_C_SOURCE 1
| #define _GNU_SOURCE 1
| #define _HPUX_ALT_XOPEN_SOCKET_API 1
| #define _NETBSD_SOURCE 1
| #define _OPENBSD_SOURCE 1
| #define _POSIX_PTHREAD_SEMANTICS 1
| #define __STDC_WANT_IEC_60559_ATTRIBS_EXT__ 1
| #define __STDC_WANT_IEC_60559_BFP_EXT__ 1
| #define __STDC_WANT_IEC_60559_DFP_EXT__ 1
| #define __STDC_WANT_IEC_60559_FUNCS_EXT__ 1
| #define __STDC_WANT_IEC_60559_TYPES_EXT__ 1
| #define __STDC_WANT_LIB_EXT2__ 1
| #define __STDC_WANT_MATH_SPEC_FUNCS__ 1
| #define _TANDEM_SOURCE 1
| #define __EXTENSIONS__ 1
| #define HAVE_DLFCN_H 1
| #define LT_OBJDIR ".libs/"
| #define RETSIGTYPE void
| #define longlong long long
| #define HAVE_C99_FORMAT 1
| #define LLU "%llu"
| #define LLI "%lli"
| #define LLX "%llx"
| #define MOD_ZD "%zd"
| #define MOD_ZU "%zu"
| #define HAVE_INLINE 1
| #define SWITCH_BYTE_ORDER __LITTLE_ENDIAN
| #define HAVE_FUNC 1
| #define HAVE_FUNCTION 1
| #define HAVE_STRUCT_KEYWORDS 1
| #define TIME_WITH_SYS_TIME 1
| /* end confdefs.h.  */
| #include <sys/types.h>
| #include <sys/socket.h>
| int
| main (void)
| {
| 
|  struct sockaddr t;t.sa_len = 0;
|   ;
|   return 0;
| }
configure:15960: result: no
configure:15978: checking /dev/urandom
configure:15987: result: yes
configure:16003: checking for gcc options needed to detect all undeclared functions
configure:16025: gcc -c   -DSU_DEBUG=0    conftest.c >&5
conftest.c: In function 'main':
conftest.c:61:8: error: 'strchr' undeclared (first use in this function)
   61 | (void) strchr;
      |        ^~~~~~
conftest.c:1:1: note: 'strchr' is defined in header '<string.h>'; did you forget to '#include <string.h>'?
    1 | /* confdefs.h */
conftest.c:61:8: note: each undeclared identifier is reported only once for each function it appears in
   61 | (void) strchr;
      |        ^~~~~~
configure:16025: $? = 1
configure: failed program was:
| /* confdefs.h */
| #define PACKAGE_NAME "sofia-sip"
| #define PACKAGE_TARNAME "sofia-sip"
| #define PACKAGE_VERSION "1.13.17"
| #define PACKAGE_STRING "sofia-sip 1.13.17"
| #define PACKAGE_BUGREPORT ""
| #define PACKAGE_URL ""
| #define PACKAGE "sofia-sip"
| #define VERSION "1.13.17"
| #define HAVE_STDIO_H 1
| #define HAVE_STDLIB_H 1
| #define HAVE_STRING_H 1
| #define HAVE_INTTYPES_H 1
| #define HAVE_STDINT_H 1
| #define HAVE_STRINGS_H 1
| #define HAVE_SYS_STAT_H 1
| #define HAVE_SYS_TYPES_H 1
| #define HAVE_UNISTD_H 1
| #define HAVE_WCHAR_H 1
| #define HAVE_SYS_TIME_H 1
| #define STDC_HEADERS 1
| #define _ALL_SOURCE 1
| #define _DARWIN_C_SOURCE 1
| #define _GNU_SOURCE 1
| #define _HPUX_ALT_XOPEN_SOCKET_API 1
| #define _NETBSD_SOURCE 1
| #define _OPENBSD_SOURCE 1
| #define _POSIX_PTHREAD_SEMANTICS 1
| #define __STDC_WANT_IEC_60559_ATTRIBS_EXT__ 1
| #define __STDC_WANT_IEC_60559_BFP_EXT__ 1
| #define __STDC_WANT_IEC_60559_DFP_EXT__ 1
| #define __STDC_WANT_IEC_60559_FUNCS_EXT__ 1
| #define __STDC_WANT_IEC_60559_TYPES_EXT__ 1
| #define __STDC_WANT_LIB_EXT2__ 1
| #define __STDC_WANT_MATH_SPEC_FUNCS__ 1
| #define _TANDEM_SOURCE 1
| #define __EXTENSIONS__ 1
| #define HAVE_DLFCN_H 1
| #define LT_OBJDIR ".libs/"
| #define RETSIGTYPE void
| #define longlong long long
| #define HAVE_C99_FORMAT 1
| #define LLU "%llu"
| #define LLI "%lli"
| #define LLX "%llx"
| #define MOD_ZD "%zd"
| #define MOD_ZU "%zu"
| #define HAVE_INLINE 1
| #define SWITCH_BYTE_ORDER __LITTLE_ENDIAN
| #define HAVE_FUNC 1
| #define HAVE_FUNCTION 1
| #define HAVE_STRUCT_KEYWORDS 1
| #define TIME_WITH_SYS_TIME 1
| #define HAVE_DEV_URANDOM 1
| #define DEV_URANDOM 1
| /* end confdefs.h.  */
| 
| int
| main (void)
| {
| (void) strchr;
|   ;
|   return 0;
| }
configure:16052: gcc -c   -DSU_DEBUG=0    conftest.c >&5
configure:16052: $? = 0
configure:16069: result: none needed
configure:16101: checking for sys/types.h
configure:16101: result: yes
configure:16113: checking for stdint.h
configure:16113: result: yes
configure:16125: checking for inttypes.h
configure:16125: result: yes
configure:16143: checking for pthread.h
configure:16143: gcc -c   -DSU_DEBUG=0   conftest.c >&5
configure:16143: $? = 0
configure:16143: result: yes
configure:16352: checking for stack suitable for tags
configure:16417: gcc -o conftest   -DSU_DEBUG=0     conftest.c  >&5
configure:16417: $? = 0
configure:16417: ./conftest
configure:16417: $? = 1
configure: program exited with status 1
configure: failed program was:
| /* confdefs.h */
| #define PACKAGE_NAME "sofia-sip"
| #define PACKAGE_TARNAME "sofia-sip"
| #define PACKAGE_VERSION "1.13.17"
| #define PACKAGE_STRING "sofia-sip 1.13.17"
| #define PACKAGE_BUGREPORT ""
| #define PACKAGE_URL ""
| #define PACKAGE "sofia-sip"
| #define VERSION "1.13.17"
| #define HAVE_STDIO_H 1
| #define HAVE_STDLIB_H 1
| #define HAVE_STRING_H 1
| #define HAVE_INTTYPES_H 1
| #define HAVE_STDINT_H 1
| #define HAVE_STRINGS_H 1
| #define HAVE_SYS_STAT_H 1
| #define HAVE_SYS_TYPES_H 1
| #define HAVE_UNISTD_H 1
| #define HAVE_WCHAR_H 1
| #define HAVE_SYS_TIME_H 1
| #define STDC_HEADERS 1
| #define _ALL_SOURCE 1
| #define _DARWIN_C_SOURCE 1
| #define _GNU_SOURCE 1
| #define _HPUX_ALT_XOPEN_SOCKET_API 1
| #define _NETBSD_SOURCE 1
| #define _OPENBSD_SOURCE 1
| #define _POSIX_PTHREAD_SEMANTICS 1
| #define __STDC_WANT_IEC_60559_ATTRIBS_EXT__ 1
| #define __STDC_WANT_IEC_60559_BFP_EXT__ 1
| #define __STDC_WANT_IEC_60559_DFP_EXT__ 1
| #define __STDC_WANT_IEC_60559_FUNCS_EXT__ 1
| #define __STDC_WANT_IEC_60559_TYPES_EXT__ 1
| #define __STDC_WANT_LIB_EXT2__ 1
| #define __STDC_WANT_MATH_SPEC_FUNCS__ 1
| #define _TANDEM_SOURCE 1
| #define __EXTENSIONS__ 1
| #define HAVE_DLFCN_H 1
| #define LT_OBJDIR ".libs/"
| #define RETSIGTYPE void
| #define longlong long long
| #define HAVE_C99_FORMAT 1
| #define LLU "%llu"
| #define LLI "%lli"
| #define LLX "%llx"
| #define MOD_ZD "%zd"
| #define MOD_ZU "%zu"
| #define HAVE_INLINE 1
| #define SWITCH_BYTE_ORDER __LITTLE_ENDIAN
| #define HAVE_FUNC 1
| #define HAVE_FUNCTION 1
| #define HAVE_STRUCT_KEYWORDS 1
| #define TIME_WITH_SYS_TIME 1
| #define HAVE_DEV_URANDOM 1
| #define DEV_URANDOM 1
| #define SU_HAVE_SYS_TYPES 1
| #define SU_HAVE_STDINT 1
| #define SU_HAVE_INTTYPES 1
| #define SU_HAVE_PTHREADS 1
| #define su_inline static inline
| #define SU_INLINE inline
| #define SU_HAVE_INLINE 1
| #define SU_INLINE_TAG_CAST 1
| #define SOFIA_ISIZE_T int
| #define ISIZE_MAX INT_MAX
| #define SOFIA_ISSIZE_T int
| #define ISSIZE_MAX INT_MAX
| #define SOFIA_USIZE_T unsigned
| #define USIZE_MAX UINT_MAX
| /* end confdefs.h.  */
| 
| #if HAVE_INTTYPES_H
| #include <inttypes.h>
| #endif
| #if HAVE_STDINT_H
| #include <stdint.h>
| #endif
| 
| #include <stdarg.h>
| 
| typedef void *tp;
| typedef intptr_t tv;
| 
| int test1(tv l, tv h, ...)
| {
|   va_list ap;
|   tv i, *p = &l;
| 
|   va_start(ap, h);
| 
|   if (*p++ != l || *p++ != h) return 1;
| 
|   for (i = l; i <= h; i++) {
|     if (*p++ != i)
|       return 1;
|   }
| 
|   for (i = l; i <= h; i++) {
|     if (va_arg(ap, tv) != i)
|       return 1;
|   }
| 
|   va_end(ap);
| 
|   return 0;
| }
| 
| int main(int avc, char **av)
| {
|   return test1((tv)1, (tv)10,
| 	       (tv)1, (tv)2, (tv)3, (tv)4, (tv)5,
| 	       (tv)6, (tv)7, (tv)8, (tv)9, (tv)10);
| }
| 
configure:16428: result: no
configure:16443: checking for graceful free(0)
configure:16468: gcc -o conftest   -DSU_DEBUG=0     conftest.c  >&5
configure:16468: $? = 0
configure:16468: ./conftest
configure:16468: $? = 0
configure:16479: result: yes
configure:16509: checking for sockaddr_in6
configure:16530: result: yes
configure:16549: checking for unistd.h
configure:16549: result: yes
configure:16555: checking for sys/time.h
configure:16555: result: yes
configure:16563: checking for fcntl.h
configure:16563: gcc -c   -DSU_DEBUG=0   conftest.c >&5
configure:16563: $? = 0
configure:16563: result: yes
configure:16569: checking for dirent.h
configure:16569: gcc -c   -DSU_DEBUG=0   conftest.c >&5
configure:16569: $? = 0
configure:16569: result: yes
configure:16579: checking for winsock2.h
configure:16579: gcc -c   -DSU_DEBUG=0   conftest.c >&5
conftest.c:106:10: fatal error: winsock2.h: No such file or directory
  106 | #include <winsock2.h>
      |          ^~~~~~~~~~~~
compilation terminated.
configure:16579: $? = 1
configure: failed program was:
| /* confdefs.h */
| #define PACKAGE_NAME "sofia-sip"
| #define PACKAGE_TARNAME "sofia-sip"
| #define PACKAGE_VERSION "1.13.17"
| #define PACKAGE_STRING "sofia-sip 1.13.17"
| #define PACKAGE_BUGREPORT ""
| #define PACKAGE_URL ""
| #define PACKAGE "sofia-sip"
| #define VERSION "1.13.17"
| #define HAVE_STDIO_H 1
| #define HAVE_STDLIB_H 1
| #define HAVE_STRING_H 1
| #define HAVE_INTTYPES_H 1
| #define HAVE_STDINT_H 1
| #define HAVE_STRINGS_H 1
| #define HAVE_SYS_STAT_H 1
| #define HAVE_SYS_TYPES_H 1
| #define HAVE_UNISTD_H 1
| #define HAVE_WCHAR_H 1
| #define HAVE_SYS_TIME_H 1
| #define STDC_HEADERS 1
| #define _ALL_SOURCE 1
| #define _DARWIN_C_SOURCE 1
| #define _GNU_SOURCE 1
| #define _HPUX_ALT_XOPEN_SOCKET_API 1
| #define _NETBSD_SOURCE 1
| #define _OPENBSD_SOURCE 1
| #define _POSIX_PTHREAD_SEMANTICS 1
| #define __STDC_WANT_IEC_60559_ATTRIBS_EXT__ 1
| #define __STDC_WANT_IEC_60559_BFP_EXT__ 1
| #define __STDC_WANT_IEC_60559_DFP_EXT__ 1
| #define __STDC_WANT_IEC_60559_FUNCS_EXT__ 1
| #define __STDC_WANT_IEC_60559_TYPES_EXT__ 1
| #define __STDC_WANT_LIB_EXT2__ 1
| #define __STDC_WANT_MATH_SPEC_FUNCS__ 1
| #define _TANDEM_SOURCE 1
| #define __EXTENSIONS__ 1
| #define HAVE_DLFCN_H 1
| #define LT_OBJDIR ".libs/"
| #define RETSIGTYPE void
| #define longlong long long
| #define HAVE_C99_FORMAT 1
| #define LLU "%llu"
| #define LLI "%lli"
| #define LLX "%llx"
| #define MOD_ZD "%zd"
| #define MOD_ZU "%zu"
| #define HAVE_INLINE 1
| #define SWITCH_BYTE_ORDER __LITTLE_ENDIAN
| #define HAVE_FUNC 1
| #define HAVE_FUNCTION 1
| #define HAVE_STRUCT_KEYWORDS 1
| #define TIME_WITH_SYS_TIME 1
| #define HAVE_DEV_URANDOM 1
| #define DEV_URANDOM 1
| #define SU_HAVE_SYS_TYPES 1
| #define SU_HAVE_STDINT 1
| #define SU_HAVE_INTTYPES 1
| #define SU_HAVE_PTHREADS 1
| #define su_inline static inline
| #define SU_INLINE inline
| #define SU_HAVE_INLINE 1
| #define SU_INLINE_TAG_CAST 1
| #define SOFIA_ISIZE_T int
| #define ISIZE_MAX INT_MAX
| #define SOFIA_ISSIZE_T int
| #define ISSIZE_MAX INT_MAX
| #define SOFIA_USIZE_T unsigned
| #define USIZE_MAX UINT_MAX
| #define HAVE_FREE_NULL 1
| #define HAVE_SIN6 1
| #define SU_HAVE_IN6 1
| #define HAVE_UNISTD_H 1
| #define HAVE_SYS_TIME_H 1
| #define HAVE_FCNTL_H 1
| #define HAVE_DIRENT_H 1
| /* end confdefs.h.  */
| #include <stddef.h>
| #ifdef HAVE_STDIO_H
| # include <stdio.h>
| #endif
| #ifdef HAVE_STDLIB_H
| # include <stdlib.h>
| #endif
| #ifdef HAVE_STRING_H
| # include <string.h>
| #endif
| #ifdef HAVE_INTTYPES_H
| # include <inttypes.h>
| #endif
| #ifdef HAVE_STDINT_H
| # include <stdint.h>
| #endif
| #ifdef HAVE_STRINGS_H
| # include <strings.h>
| #endif
| #ifdef HAVE_SYS_TYPES_H
| # include <sys/types.h>
| #endif
| #ifdef HAVE_SYS_STAT_H
| # include <sys/stat.h>
| #endif
| #ifdef HAVE_UNISTD_H
| # include <unistd.h>
| #endif
| #include <winsock2.h>
configure:16579: result: no
configure:16663: checking for sys/socket.h
configure:16663: gcc -c   -DSU_DEBUG=0   conftest.c >&5
configure:16663: $? = 0
configure:16663: result: yes
configure:16669: checking for sys/ioctl.h
configure:16669: gcc -c   -DSU_DEBUG=0   conftest.c >&5
configure:16669: $? = 0
configure:16669: result: yes
configure:16675: checking for sys/filio.h
configure:16675: gcc -c   -DSU_DEBUG=0   conftest.c >&5
conftest.c:109:10: fatal error: sys/filio.h: No such file or directory
  109 | #include <sys/filio.h>
      |          ^~~~~~~~~~~~~
compilation terminated.
configure:16675: $? = 1
configure: failed program was:
| /* confdefs.h */
| #define PACKAGE_NAME "sofia-sip"
| #define PACKAGE_TARNAME "sofia-sip"
| #define PACKAGE_VERSION "1.13.17"
| #define PACKAGE_STRING "sofia-sip 1.13.17"
| #define PACKAGE_BUGREPORT ""
| #define PACKAGE_URL ""
| #define PACKAGE "sofia-sip"
| #define VERSION "1.13.17"
| #define HAVE_STDIO_H 1
| #define HAVE_STDLIB_H 1
| #define HAVE_STRING_H 1
| #define HAVE_INTTYPES_H 1
| #define HAVE_STDINT_H 1
| #define HAVE_STRINGS_H 1
| #define HAVE_SYS_STAT_H 1
| #define HAVE_SYS_TYPES_H 1
| #define HAVE_UNISTD_H 1
| #define HAVE_WCHAR_H 1
| #define HAVE_SYS_TIME_H 1
| #define STDC_HEADERS 1
| #define _ALL_SOURCE 1
| #define _DARWIN_C_SOURCE 1
| #define _GNU_SOURCE 1
| #define _HPUX_ALT_XOPEN_SOCKET_API 1
| #define _NETBSD_SOURCE 1
| #define _OPENBSD_SOURCE 1
| #define _POSIX_PTHREAD_SEMANTICS 1
| #define __STDC_WANT_IEC_60559_ATTRIBS_EXT__ 1
| #define __STDC_WANT_IEC_60559_BFP_EXT__ 1
| #define __STDC_WANT_IEC_60559_DFP_EXT__ 1
| #define __STDC_WANT_IEC_60559_FUNCS_EXT__ 1
| #define __STDC_WANT_IEC_60559_TYPES_EXT__ 1
| #define __STDC_WANT_LIB_EXT2__ 1
| #define __STDC_WANT_MATH_SPEC_FUNCS__ 1
| #define _TANDEM_SOURCE 1
| #define __EXTENSIONS__ 1
| #define HAVE_DLFCN_H 1
| #define LT_OBJDIR ".libs/"
| #define RETSIGTYPE void
| #define longlong long long
| #define HAVE_C99_FORMAT 1
| #define LLU "%llu"
| #define LLI "%lli"
| #define LLX "%llx"
| #define MOD_ZD "%zd"
| #define MOD_ZU "%zu"
| #define HAVE_INLINE 1
| #define SWITCH_BYTE_ORDER __LITTLE_ENDIAN
| #define HAVE_FUNC 1
| #define HAVE_FUNCTION 1
| #define HAVE_STRUCT_KEYWORDS 1
| #define TIME_WITH_SYS_TIME 1
| #define HAVE_DEV_URANDOM 1
| #define DEV_URANDOM 1
| #define SU_HAVE_SYS_TYPES 1
| #define SU_HAVE_STDINT 1
| #define SU_HAVE_INTTYPES 1
| #define SU_HAVE_PTHREADS 1
| #define su_inline static inline
| #define SU_INLINE inline
| #define SU_HAVE_INLINE 1
| #define SU_INLINE_TAG_CAST 1
| #define SOFIA_ISIZE_T int
| #define ISIZE_MAX INT_MAX
| #define SOFIA_ISSIZE_T int
| #define ISSIZE_MAX INT_MAX
| #define SOFIA_USIZE_T unsigned
| #define USIZE_MAX UINT_MAX
| #define HAVE_FREE_NULL 1
| #define HAVE_SIN6 1
| #define SU_HAVE_IN6 1
| #define HAVE_UNISTD_H 1
| #define HAVE_SYS_TIME_H 1
| #define HAVE_FCNTL_H 1
| #define HAVE_DIRENT_H 1
| #define SU_HAVE_BSDSOCK 1
| #define HAVE_SYS_SOCKET_H 1
| #define HAVE_SYS_IOCTL_H 1
| /* end confdefs.h.  */
| #include <stddef.h>
| #ifdef HAVE_STDIO_H
| # include <stdio.h>
| #endif
| #ifdef HAVE_STDLIB_H
| # include <stdlib.h>
| #endif
| #ifdef HAVE_STRING_H
| # include <string.h>
| #endif
| #ifdef HAVE_INTTYPES_H
| # include <inttypes.h>
| #endif
| #ifdef HAVE_STDINT_H
| # include <stdint.h>
| #endif
| #ifdef HAVE_STRINGS_H
| # include <strings.h>
| #endif
| #ifdef HAVE_SYS_TYPES_H
| # include <sys/types.h>
| #endif
| #ifdef HAVE_SYS_STAT_H
| # include <sys/stat.h>
| #endif
| #ifdef HAVE_UNISTD_H
| # include <unistd.h>
| #endif
| #include <sys/filio.h>
configure:16675: result: no
configure:16681: checking for sys/sockio.h
configure:16681: gcc -c   -DSU_DEBUG=0   conftest.c >&5
conftest.c:109:10: fatal error: sys/sockio.h: No such file or directory
  109 | #include <sys/sockio.h>
      |          ^~~~~~~~~~~~~~
compilation terminated.
configure:16681: $? = 1
configure: failed program was:
| /* confdefs.h */
| #define PACKAGE_NAME "sofia-sip"
| #define PACKAGE_TARNAME "sofia-sip"
| #define PACKAGE_VERSION "1.13.17"
| #define PACKAGE_STRING "sofia-sip 1.13.17"
| #define PACKAGE_BUGREPORT ""
| #define PACKAGE_URL ""
| #define PACKAGE "sofia-sip"
| #define VERSION "1.13.17"
| #define HAVE_STDIO_H 1
| #define HAVE_STDLIB_H 1
| #define HAVE_STRING_H 1
| #define HAVE_INTTYPES_H 1
| #define HAVE_STDINT_H 1
| #define HAVE_STRINGS_H 1
| #define HAVE_SYS_STAT_H 1
| #define HAVE_SYS_TYPES_H 1
| #define HAVE_UNISTD_H 1
| #define HAVE_WCHAR_H 1
| #define HAVE_SYS_TIME_H 1
| #define STDC_HEADERS 1
| #define _ALL_SOURCE 1
| #define _DARWIN_C_SOURCE 1
| #define _GNU_SOURCE 1
| #define _HPUX_ALT_XOPEN_SOCKET_API 1
| #define _NETBSD_SOURCE 1
| #define _OPENBSD_SOURCE 1
| #define _POSIX_PTHREAD_SEMANTICS 1
| #define __STDC_WANT_IEC_60559_ATTRIBS_EXT__ 1
| #define __STDC_WANT_IEC_60559_BFP_EXT__ 1
| #define __STDC_WANT_IEC_60559_DFP_EXT__ 1
| #define __STDC_WANT_IEC_60559_FUNCS_EXT__ 1
| #define __STDC_WANT_IEC_60559_TYPES_EXT__ 1
| #define __STDC_WANT_LIB_EXT2__ 1
| #define __STDC_WANT_MATH_SPEC_FUNCS__ 1
| #define _TANDEM_SOURCE 1
| #define __EXTENSIONS__ 1
| #define HAVE_DLFCN_H 1
| #define LT_OBJDIR ".libs/"
| #define RETSIGTYPE void
| #define longlong long long
| #define HAVE_C99_FORMAT 1
| #define LLU "%llu"
| #define LLI "%lli"
| #define LLX "%llx"
| #define MOD_ZD "%zd"
| #define MOD_ZU "%zu"
| #define HAVE_INLINE 1
| #define SWITCH_BYTE_ORDER __LITTLE_ENDIAN
| #define HAVE_FUNC 1
| #define HAVE_FUNCTION 1
| #define HAVE_STRUCT_KEYWORDS 1
| #define TIME_WITH_SYS_TIME 1
| #define HAVE_DEV_URANDOM 1
| #define DEV_URANDOM 1
| #define SU_HAVE_SYS_TYPES 1
| #define SU_HAVE_STDINT 1
| #define SU_HAVE_INTTYPES 1
| #define SU_HAVE_PTHREADS 1
| #define su_inline static inline
| #define SU_INLINE inline
| #define SU_HAVE_INLINE 1
| #define SU_INLINE_TAG_CAST 1
| #define SOFIA_ISIZE_T int
| #define ISIZE_MAX INT_MAX
| #define SOFIA_ISSIZE_T int
| #define ISSIZE_MAX INT_MAX
| #define SOFIA_USIZE_T unsigned
| #define USIZE_MAX UINT_MAX
| #define HAVE_FREE_NULL 1
| #define HAVE_SIN6 1
| #define SU_HAVE_IN6 1
| #define HAVE_UNISTD_H 1
| #define HAVE_SYS_TIME_H 1
| #define HAVE_FCNTL_H 1
| #define HAVE_DIRENT_H 1
| #define SU_HAVE_BSDSOCK 1
| #define HAVE_SYS_SOCKET_H 1
| #define HAVE_SYS_IOCTL_H 1
| /* end confdefs.h.  */
| #include <stddef.h>
| #ifdef HAVE_STDIO_H
| # include <stdio.h>
| #endif
| #ifdef HAVE_STDLIB_H
| # include <stdlib.h>
| #endif
| #ifdef HAVE_STRING_H
| # include <string.h>
| #endif
| #ifdef HAVE_INTTYPES_H
| # include <inttypes.h>
| #endif
| #ifdef HAVE_STDINT_H
| # include <stdint.h>
| #endif
| #ifdef HAVE_STRINGS_H
| # include <strings.h>
| #endif
| #ifdef HAVE_SYS_TYPES_H
| # include <sys/types.h>
| #endif
| #ifdef HAVE_SYS_STAT_H
| # include <sys/stat.h>
| #endif
| #ifdef HAVE_UNISTD_H
| # include <unistd.h>
| #endif
| #include <sys/sockio.h>
configure:16681: result: no
configure:16687: checking for sys/select.h
configure:16687: gcc -c   -DSU_DEBUG=0   conftest.c >&5
configure:16687: $? = 0
configure:16687: result: yes
configure:16693: checking for sys/epoll.h
configure:16693: gcc -c   -DSU_DEBUG=0   conftest.c >&5
configure:16693: $? = 0
configure:16693: result: yes
configure:16699: checking for sys/devpoll.h
configure:16699: gcc -c   -DSU_DEBUG=0   conftest.c >&5
conftest.c:111:10: fatal error: sys/devpoll.h: No such file or directory
  111 | #include <sys/devpoll.h>
      |          ^~~~~~~~~~~~~~~
compilation terminated.
configure:16699: $? = 1
configure: failed program was:
| /* confdefs.h */
| #define PACKAGE_NAME "sofia-sip"
| #define PACKAGE_TARNAME "sofia-sip"
| #define PACKAGE_VERSION "1.13.17"
| #define PACKAGE_STRING "sofia-sip 1.13.17"
| #define PACKAGE_BUGREPORT ""
| #define PACKAGE_URL ""
| #define PACKAGE "sofia-sip"
| #define VERSION "1.13.17"
| #define HAVE_STDIO_H 1
| #define HAVE_STDLIB_H 1
| #define HAVE_STRING_H 1
| #define HAVE_INTTYPES_H 1
| #define HAVE_STDINT_H 1
| #define HAVE_STRINGS_H 1
| #define HAVE_SYS_STAT_H 1
| #define HAVE_SYS_TYPES_H 1
| #define HAVE_UNISTD_H 1
| #define HAVE_WCHAR_H 1
| #define HAVE_SYS_TIME_H 1
| #define STDC_HEADERS 1
| #define _ALL_SOURCE 1
| #define _DARWIN_C_SOURCE 1
| #define _GNU_SOURCE 1
| #define _HPUX_ALT_XOPEN_SOCKET_API 1
| #define _NETBSD_SOURCE 1
| #define _OPENBSD_SOURCE 1
| #define _POSIX_PTHREAD_SEMANTICS 1
| #define __STDC_WANT_IEC_60559_ATTRIBS_EXT__ 1
| #define __STDC_WANT_IEC_60559_BFP_EXT__ 1
| #define __STDC_WANT_IEC_60559_DFP_EXT__ 1
| #define __STDC_WANT_IEC_60559_FUNCS_EXT__ 1
| #define __STDC_WANT_IEC_60559_TYPES_EXT__ 1
| #define __STDC_WANT_LIB_EXT2__ 1
| #define __STDC_WANT_MATH_SPEC_FUNCS__ 1
| #define _TANDEM_SOURCE 1
| #define __EXTENSIONS__ 1
| #define HAVE_DLFCN_H 1
| #define LT_OBJDIR ".libs/"
| #define RETSIGTYPE void
| #define longlong long long
| #define HAVE_C99_FORMAT 1
| #define LLU "%llu"
| #define LLI "%lli"
| #define LLX "%llx"
| #define MOD_ZD "%zd"
| #define MOD_ZU "%zu"
| #define HAVE_INLINE 1
| #define SWITCH_BYTE_ORDER __LITTLE_ENDIAN
| #define HAVE_FUNC 1
| #define HAVE_FUNCTION 1
| #define HAVE_STRUCT_KEYWORDS 1
| #define TIME_WITH_SYS_TIME 1
| #define HAVE_DEV_URANDOM 1
| #define DEV_URANDOM 1
| #define SU_HAVE_SYS_TYPES 1
| #define SU_HAVE_STDINT 1
| #define SU_HAVE_INTTYPES 1
| #define SU_HAVE_PTHREADS 1
| #define su_inline static inline
| #define SU_INLINE inline
| #define SU_HAVE_INLINE 1
| #define SU_INLINE_TAG_CAST 1
| #define SOFIA_ISIZE_T int
| #define ISIZE_MAX INT_MAX
| #define SOFIA_ISSIZE_T int
| #define ISSIZE_MAX INT_MAX
| #define SOFIA_USIZE_T unsigned
| #define USIZE_MAX UINT_MAX
| #define HAVE_FREE_NULL 1
| #define HAVE_SIN6 1
| #define SU_HAVE_IN6 1
| #define HAVE_UNISTD_H 1
| #define HAVE_SYS_TIME_H 1
| #define HAVE_FCNTL_H 1
| #define HAVE_DIRENT_H 1
| #define SU_HAVE_BSDSOCK 1
| #define HAVE_SYS_SOCKET_H 1
| #define HAVE_SYS_IOCTL_H 1
| #define HAVE_SYS_SELECT_H 1
| #define HAVE_SYS_EPOLL_H 1
| /* end confdefs.h.  */
| #include <stddef.h>
| #ifdef HAVE_STDIO_H
| # include <stdio.h>
| #endif
| #ifdef HAVE_STDLIB_H
| # include <stdlib.h>
| #endif
| #ifdef HAVE_STRING_H
| # include <string.h>
| #endif
| #ifdef HAVE_INTTYPES_H
| # include <inttypes.h>
| #endif
| #ifdef HAVE_STDINT_H
| # include <stdint.h>
| #endif
| #ifdef HAVE_STRINGS_H
| # include <strings.h>
| #endif
| #ifdef HAVE_SYS_TYPES_H
| # include <sys/types.h>
| #endif
| #ifdef HAVE_SYS_STAT_H
| # include <sys/stat.h>
| #endif
| #ifdef HAVE_UNISTD_H
| # include <unistd.h>
| #endif
| #include <sys/devpoll.h>
configure:16699: result: no
configure:16706: checking for netinet/in.h
configure:16706: gcc -c   -DSU_DEBUG=0   conftest.c >&5
configure:16706: $? = 0
configure:16706: result: yes
configure:16715: checking for arpa/inet.h
configure:16715: gcc -c   -DSU_DEBUG=0   conftest.c >&5
configure:16715: $? = 0
configure:16715: result: yes
configure:16724: checking for netdb.h
configure:16724: gcc -c   -DSU_DEBUG=0   conftest.c >&5
configure:16724: $? = 0
configure:16724: result: yes
configure:16733: checking for net/if.h
configure:16733: gcc -c   -DSU_DEBUG=0   conftest.c >&5
configure:16733: $? = 0
configure:16733: result: yes
configure:16742: checking for net/if_types.h
configure:16742: gcc -c   -DSU_DEBUG=0   conftest.c >&5
conftest.c:91:10: fatal error: net/if_types.h: No such file or directory
   91 | #include <net/if_types.h>
      |          ^~~~~~~~~~~~~~~~
compilation terminated.
configure:16742: $? = 1
configure: failed program was:
| /* confdefs.h */
| #define PACKAGE_NAME "sofia-sip"
| #define PACKAGE_TARNAME "sofia-sip"
| #define PACKAGE_VERSION "1.13.17"
| #define PACKAGE_STRING "sofia-sip 1.13.17"
| #define PACKAGE_BUGREPORT ""
| #define PACKAGE_URL ""
| #define PACKAGE "sofia-sip"
| #define VERSION "1.13.17"
| #define HAVE_STDIO_H 1
| #define HAVE_STDLIB_H 1
| #define HAVE_STRING_H 1
| #define HAVE_INTTYPES_H 1
| #define HAVE_STDINT_H 1
| #define HAVE_STRINGS_H 1
| #define HAVE_SYS_STAT_H 1
| #define HAVE_SYS_TYPES_H 1
| #define HAVE_UNISTD_H 1
| #define HAVE_WCHAR_H 1
| #define HAVE_SYS_TIME_H 1
| #define STDC_HEADERS 1
| #define _ALL_SOURCE 1
| #define _DARWIN_C_SOURCE 1
| #define _GNU_SOURCE 1
| #define _HPUX_ALT_XOPEN_SOCKET_API 1
| #define _NETBSD_SOURCE 1
| #define _OPENBSD_SOURCE 1
| #define _POSIX_PTHREAD_SEMANTICS 1
| #define __STDC_WANT_IEC_60559_ATTRIBS_EXT__ 1
| #define __STDC_WANT_IEC_60559_BFP_EXT__ 1
| #define __STDC_WANT_IEC_60559_DFP_EXT__ 1
| #define __STDC_WANT_IEC_60559_FUNCS_EXT__ 1
| #define __STDC_WANT_IEC_60559_TYPES_EXT__ 1
| #define __STDC_WANT_LIB_EXT2__ 1
| #define __STDC_WANT_MATH_SPEC_FUNCS__ 1
| #define _TANDEM_SOURCE 1
| #define __EXTENSIONS__ 1
| #define HAVE_DLFCN_H 1
| #define LT_OBJDIR ".libs/"
| #define RETSIGTYPE void
| #define longlong long long
| #define HAVE_C99_FORMAT 1
| #define LLU "%llu"
| #define LLI "%lli"
| #define LLX "%llx"
| #define MOD_ZD "%zd"
| #define MOD_ZU "%zu"
| #define HAVE_INLINE 1
| #define SWITCH_BYTE_ORDER __LITTLE_ENDIAN
| #define HAVE_FUNC 1
| #define HAVE_FUNCTION 1
| #define HAVE_STRUCT_KEYWORDS 1
| #define TIME_WITH_SYS_TIME 1
| #define HAVE_DEV_URANDOM 1
| #define DEV_URANDOM 1
| #define SU_HAVE_SYS_TYPES 1
| #define SU_HAVE_STDINT 1
| #define SU_HAVE_INTTYPES 1
| #define SU_HAVE_PTHREADS 1
| #define su_inline static inline
| #define SU_INLINE inline
| #define SU_HAVE_INLINE 1
| #define SU_INLINE_TAG_CAST 1
| #define SOFIA_ISIZE_T int
| #define ISIZE_MAX INT_MAX
| #define SOFIA_ISSIZE_T int
| #define ISSIZE_MAX INT_MAX
| #define SOFIA_USIZE_T unsigned
| #define USIZE_MAX UINT_MAX
| #define HAVE_FREE_NULL 1
| #define HAVE_SIN6 1
| #define SU_HAVE_IN6 1
| #define HAVE_UNISTD_H 1
| #define HAVE_SYS_TIME_H 1
| #define HAVE_FCNTL_H 1
| #define HAVE_DIRENT_H 1
| #define SU_HAVE_BSDSOCK 1
| #define HAVE_SYS_SOCKET_H 1
| #define HAVE_SYS_IOCTL_H 1
| #define HAVE_SYS_SELECT_H 1
| #define HAVE_SYS_EPOLL_H 1
| #define HAVE_NETINET_IN_H 1
| #define HAVE_ARPA_INET_H 1
| #define HAVE_NETDB_H 1
| #define HAVE_NET_IF_H 1
| /* end confdefs.h.  */
| 
| #include <sys/types.h>
| #include <sys/socket.h>
| 
| #include <net/if_types.h>
configure:16742: result: no
configure:16751: checking for ifaddr.h
configure:16751: gcc -c   -DSU_DEBUG=0   conftest.c >&5
conftest.c:91:10: fatal error: ifaddr.h: No such file or directory
   91 | #include <ifaddr.h>
      |          ^~~~~~~~~~
compilation terminated.
configure:16751: $? = 1
configure: failed program was:
| /* confdefs.h */
| #define PACKAGE_NAME "sofia-sip"
| #define PACKAGE_TARNAME "sofia-sip"
| #define PACKAGE_VERSION "1.13.17"
| #define PACKAGE_STRING "sofia-sip 1.13.17"
| #define PACKAGE_BUGREPORT ""
| #define PACKAGE_URL ""
| #define PACKAGE "sofia-sip"
| #define VERSION "1.13.17"
| #define HAVE_STDIO_H 1
| #define HAVE_STDLIB_H 1
| #define HAVE_STRING_H 1
| #define HAVE_INTTYPES_H 1
| #define HAVE_STDINT_H 1
| #define HAVE_STRINGS_H 1
| #define HAVE_SYS_STAT_H 1
| #define HAVE_SYS_TYPES_H 1
| #define HAVE_UNISTD_H 1
| #define HAVE_WCHAR_H 1
| #define HAVE_SYS_TIME_H 1
| #define STDC_HEADERS 1
| #define _ALL_SOURCE 1
| #define _DARWIN_C_SOURCE 1
| #define _GNU_SOURCE 1
| #define _HPUX_ALT_XOPEN_SOCKET_API 1
| #define _NETBSD_SOURCE 1
| #define _OPENBSD_SOURCE 1
| #define _POSIX_PTHREAD_SEMANTICS 1
| #define __STDC_WANT_IEC_60559_ATTRIBS_EXT__ 1
| #define __STDC_WANT_IEC_60559_BFP_EXT__ 1
| #define __STDC_WANT_IEC_60559_DFP_EXT__ 1
| #define __STDC_WANT_IEC_60559_FUNCS_EXT__ 1
| #define __STDC_WANT_IEC_60559_TYPES_EXT__ 1
| #define __STDC_WANT_LIB_EXT2__ 1
| #define __STDC_WANT_MATH_SPEC_FUNCS__ 1
| #define _TANDEM_SOURCE 1
| #define __EXTENSIONS__ 1
| #define HAVE_DLFCN_H 1
| #define LT_OBJDIR ".libs/"
| #define RETSIGTYPE void
| #define longlong long long
| #define HAVE_C99_FORMAT 1
| #define LLU "%llu"
| #define LLI "%lli"
| #define LLX "%llx"
| #define MOD_ZD "%zd"
| #define MOD_ZU "%zu"
| #define HAVE_INLINE 1
| #define SWITCH_BYTE_ORDER __LITTLE_ENDIAN
| #define HAVE_FUNC 1
| #define HAVE_FUNCTION 1
| #define HAVE_STRUCT_KEYWORDS 1
| #define TIME_WITH_SYS_TIME 1
| #define HAVE_DEV_URANDOM 1
| #define DEV_URANDOM 1
| #define SU_HAVE_SYS_TYPES 1
| #define SU_HAVE_STDINT 1
| #define SU_HAVE_INTTYPES 1
| #define SU_HAVE_PTHREADS 1
| #define su_inline static inline
| #define SU_INLINE inline
| #define SU_HAVE_INLINE 1
| #define SU_INLINE_TAG_CAST 1
| #define SOFIA_ISIZE_T int
| #define ISIZE_MAX INT_MAX
| #define SOFIA_ISSIZE_T int
| #define ISSIZE_MAX INT_MAX
| #define SOFIA_USIZE_T unsigned
| #define USIZE_MAX UINT_MAX
| #define HAVE_FREE_NULL 1
| #define HAVE_SIN6 1
| #define SU_HAVE_IN6 1
| #define HAVE_UNISTD_H 1
| #define HAVE_SYS_TIME_H 1
| #define HAVE_FCNTL_H 1
| #define HAVE_DIRENT_H 1
| #define SU_HAVE_BSDSOCK 1
| #define HAVE_SYS_SOCKET_H 1
| #define HAVE_SYS_IOCTL_H 1
| #define HAVE_SYS_SELECT_H 1
| #define HAVE_SYS_EPOLL_H 1
| #define HAVE_NETINET_IN_H 1
| #define HAVE_ARPA_INET_H 1
| #define HAVE_NETDB_H 1
| #define HAVE_NET_IF_H 1
| /* end confdefs.h.  */
| 
| #include <sys/types.h>
| #include <sys/socket.h>
| 
| #include <ifaddr.h>
configure:16751: result: no
configure:16760: checking for netpacket/packet.h
configure:16760: gcc -c   -DSU_DEBUG=0   conftest.c >&5
configure:16760: $? = 0
configure:16760: result: yes
configure:16771: checking whether MSG_TRUNC is declared
configure:16771: gcc -c   -DSU_DEBUG=0    conftest.c >&5
configure:16771: $? = 0
configure:16771: result: yes
configure:16782: checking whether SO_RCVBUFFORCE is declared
configure:16782: gcc -c   -DSU_DEBUG=0    conftest.c >&5
configure:16782: $? = 0
configure:16782: result: yes
configure:16793: checking whether SO_SNDBUFFORCE is declared
configure:16793: gcc -c   -DSU_DEBUG=0    conftest.c >&5
configure:16793: $? = 0
configure:16793: result: yes
configure:16804: checking whether IP_ADD_MEMBERSHIP is declared
configure:16804: gcc -c   -DSU_DEBUG=0    conftest.c >&5
configure:16804: $? = 0
configure:16804: result: yes
configure:16816: checking whether IP_MULTICAST_LOOP is declared
configure:16816: gcc -c   -DSU_DEBUG=0    conftest.c >&5
configure:16816: $? = 0
configure:16816: result: yes
configure:16828: checking whether IP_MTU_DISCOVER is declared
configure:16828: gcc -c   -DSU_DEBUG=0    conftest.c >&5
configure:16828: $? = 0
configure:16828: result: yes
configure:16840: checking for struct addrinfo
configure:16866: result: yes
configure:16877: checking for struct sockaddr_storage
configure:16903: result: yes
configure:16913: checking for field ifr_index in struct ifreq
configure:16939: gcc -c   -DSU_DEBUG=0   conftest.c >&5
conftest.c: In function 'main':
conftest.c:105:45: error: 'struct ifreq' has no member named 'ifr_index'
  105 | struct ifreq ifreq; int index; index = ifreq.ifr_index;
      |                                             ^
configure:16939: $? = 1
configure: failed program was:
| /* confdefs.h */
| #define PACKAGE_NAME "sofia-sip"
| #define PACKAGE_TARNAME "sofia-sip"
| #define PACKAGE_VERSION "1.13.17"
| #define PACKAGE_STRING "sofia-sip 1.13.17"
| #define PACKAGE_BUGREPORT ""
| #define PACKAGE_URL ""
| #define PACKAGE "sofia-sip"
| #define VERSION "1.13.17"
| #define HAVE_STDIO_H 1
| #define HAVE_STDLIB_H 1
| #define HAVE_STRING_H 1
| #define HAVE_INTTYPES_H 1
| #define HAVE_STDINT_H 1
| #define HAVE_STRINGS_H 1
| #define HAVE_SYS_STAT_H 1
| #define HAVE_SYS_TYPES_H 1
| #define HAVE_UNISTD_H 1
| #define HAVE_WCHAR_H 1
| #define HAVE_SYS_TIME_H 1
| #define STDC_HEADERS 1
| #define _ALL_SOURCE 1
| #define _DARWIN_C_SOURCE 1
| #define _GNU_SOURCE 1
| #define _HPUX_ALT_XOPEN_SOCKET_API 1
| #define _NETBSD_SOURCE 1
| #define _OPENBSD_SOURCE 1
| #define _POSIX_PTHREAD_SEMANTICS 1
| #define __STDC_WANT_IEC_60559_ATTRIBS_EXT__ 1
| #define __STDC_WANT_IEC_60559_BFP_EXT__ 1
| #define __STDC_WANT_IEC_60559_DFP_EXT__ 1
| #define __STDC_WANT_IEC_60559_FUNCS_EXT__ 1
| #define __STDC_WANT_IEC_60559_TYPES_EXT__ 1
| #define __STDC_WANT_LIB_EXT2__ 1
| #define __STDC_WANT_MATH_SPEC_FUNCS__ 1
| #define _TANDEM_SOURCE 1
| #define __EXTENSIONS__ 1
| #define HAVE_DLFCN_H 1
| #define LT_OBJDIR ".libs/"
| #define RETSIGTYPE void
| #define longlong long long
| #define HAVE_C99_FORMAT 1
| #define LLU "%llu"
| #define LLI "%lli"
| #define LLX "%llx"
| #define MOD_ZD "%zd"
| #define MOD_ZU "%zu"
| #define HAVE_INLINE 1
| #define SWITCH_BYTE_ORDER __LITTLE_ENDIAN
| #define HAVE_FUNC 1
| #define HAVE_FUNCTION 1
| #define HAVE_STRUCT_KEYWORDS 1
| #define TIME_WITH_SYS_TIME 1
| #define HAVE_DEV_URANDOM 1
| #define DEV_URANDOM 1
| #define SU_HAVE_SYS_TYPES 1
| #define SU_HAVE_STDINT 1
| #define SU_HAVE_INTTYPES 1
| #define SU_HAVE_PTHREADS 1
| #define su_inline static inline
| #define SU_INLINE inline
| #define SU_HAVE_INLINE 1
| #define SU_INLINE_TAG_CAST 1
| #define SOFIA_ISIZE_T int
| #define ISIZE_MAX INT_MAX
| #define SOFIA_ISSIZE_T int
| #define ISSIZE_MAX INT_MAX
| #define SOFIA_USIZE_T unsigned
| #define USIZE_MAX UINT_MAX
| #define HAVE_FREE_NULL 1
| #define HAVE_SIN6 1
| #define SU_HAVE_IN6 1
| #define HAVE_UNISTD_H 1
| #define HAVE_SYS_TIME_H 1
| #define HAVE_FCNTL_H 1
| #define HAVE_DIRENT_H 1
| #define SU_HAVE_BSDSOCK 1
| #define HAVE_SYS_SOCKET_H 1
| #define HAVE_SYS_IOCTL_H 1
| #define HAVE_SYS_SELECT_H 1
| #define HAVE_SYS_EPOLL_H 1
| #define HAVE_NETINET_IN_H 1
| #define HAVE_ARPA_INET_H 1
| #define HAVE_NETDB_H 1
| #define HAVE_NET_IF_H 1
| #define HAVE_NETPACKET_PACKET_H 1
| #define HAVE_MSG_TRUNC 1
| #define HAVE_SO_RCVBUFFORCE 1
| #define HAVE_SO_SNDBUFFORCE 1
| #define HAVE_IP_ADD_MEMBERSHIP 1
| #define HAVE_IP_MULTICAST_LOOP 1
| #define HAVE_IP_MTU_DISCOVER 1
| #define SU_HAVE_ADDRINFO 1
| #define SU_HAVE_SOCKADDR_STORAGE 1
| /* end confdefs.h.  */
| #include <sys/types.h>
| #include <arpa/inet.h>
| #include <netdb.h>
| #include <sys/socket.h>
| #include <net/if.h>
| int
| main (void)
| {
| 
| struct ifreq ifreq; int index; index = ifreq.ifr_index;
| 
|   ;
|   return 0;
| }
configure:16949: result: no
configure:16957: checking for field ifr_ifindex in struct ifreq
configure:16983: gcc -c   -DSU_DEBUG=0   conftest.c >&5
configure:16983: $? = 0
configure:16993: result: yes
configure:17004: checking for struct ifconf
configure:17029: result: yes
configure:17037: checking for ioctl SIOCGIFNUM
configure:17066: result: sys/sockio.h missing
configure:17086: checking for pthread_create in -lpthread
configure:17109: gcc -o conftest   -DSU_DEBUG=0     conftest.c -lpthread   >&5
configure:17109: $? = 0
configure:17119: result: yes
configure:17129: checking for socketpair in -lsocket
configure:17152: gcc -o conftest   -DSU_DEBUG=0     conftest.c -lsocket -lnsl -lpthread  >&5
/usr/bin/ld: cannot find -lsocket: No such file or directory
collect2: error: ld returned 1 exit status
configure:17152: $? = 1
configure: failed program was:
| /* confdefs.h */
| #define PACKAGE_NAME "sofia-sip"
| #define PACKAGE_TARNAME "sofia-sip"
| #define PACKAGE_VERSION "1.13.17"
| #define PACKAGE_STRING "sofia-sip 1.13.17"
| #define PACKAGE_BUGREPORT ""
| #define PACKAGE_URL ""
| #define PACKAGE "sofia-sip"
| #define VERSION "1.13.17"
| #define HAVE_STDIO_H 1
| #define HAVE_STDLIB_H 1
| #define HAVE_STRING_H 1
| #define HAVE_INTTYPES_H 1
| #define HAVE_STDINT_H 1
| #define HAVE_STRINGS_H 1
| #define HAVE_SYS_STAT_H 1
| #define HAVE_SYS_TYPES_H 1
| #define HAVE_UNISTD_H 1
| #define HAVE_WCHAR_H 1
| #define HAVE_SYS_TIME_H 1
| #define STDC_HEADERS 1
| #define _ALL_SOURCE 1
| #define _DARWIN_C_SOURCE 1
| #define _GNU_SOURCE 1
| #define _HPUX_ALT_XOPEN_SOCKET_API 1
| #define _NETBSD_SOURCE 1
| #define _OPENBSD_SOURCE 1
| #define _POSIX_PTHREAD_SEMANTICS 1
| #define __STDC_WANT_IEC_60559_ATTRIBS_EXT__ 1
| #define __STDC_WANT_IEC_60559_BFP_EXT__ 1
| #define __STDC_WANT_IEC_60559_DFP_EXT__ 1
| #define __STDC_WANT_IEC_60559_FUNCS_EXT__ 1
| #define __STDC_WANT_IEC_60559_TYPES_EXT__ 1
| #define __STDC_WANT_LIB_EXT2__ 1
| #define __STDC_WANT_MATH_SPEC_FUNCS__ 1
| #define _TANDEM_SOURCE 1
| #define __EXTENSIONS__ 1
| #define HAVE_DLFCN_H 1
| #define LT_OBJDIR ".libs/"
| #define RETSIGTYPE void
| #define longlong long long
| #define HAVE_C99_FORMAT 1
| #define LLU "%llu"
| #define LLI "%lli"
| #define LLX "%llx"
| #define MOD_ZD "%zd"
| #define MOD_ZU "%zu"
| #define HAVE_INLINE 1
| #define SWITCH_BYTE_ORDER __LITTLE_ENDIAN
| #define HAVE_FUNC 1
| #define HAVE_FUNCTION 1
| #define HAVE_STRUCT_KEYWORDS 1
| #define TIME_WITH_SYS_TIME 1
| #define HAVE_DEV_URANDOM 1
| #define DEV_URANDOM 1
| #define SU_HAVE_SYS_TYPES 1
| #define SU_HAVE_STDINT 1
| #define SU_HAVE_INTTYPES 1
| #define SU_HAVE_PTHREADS 1
| #define su_inline static inline
| #define SU_INLINE inline
| #define SU_HAVE_INLINE 1
| #define SU_INLINE_TAG_CAST 1
| #define SOFIA_ISIZE_T int
| #define ISIZE_MAX INT_MAX
| #define SOFIA_ISSIZE_T int
| #define ISSIZE_MAX INT_MAX
| #define SOFIA_USIZE_T unsigned
| #define USIZE_MAX UINT_MAX
| #define HAVE_FREE_NULL 1
| #define HAVE_SIN6 1
| #define SU_HAVE_IN6 1
| #define HAVE_UNISTD_H 1
| #define HAVE_SYS_TIME_H 1
| #define HAVE_FCNTL_H 1
| #define HAVE_DIRENT_H 1
| #define SU_HAVE_BSDSOCK 1
| #define HAVE_SYS_SOCKET_H 1
| #define HAVE_SYS_IOCTL_H 1
| #define HAVE_SYS_SELECT_H 1
| #define HAVE_SYS_EPOLL_H 1
| #define HAVE_NETINET_IN_H 1
| #define HAVE_ARPA_INET_H 1
| #define HAVE_NETDB_H 1
| #define HAVE_NET_IF_H 1
| #define HAVE_NETPACKET_PACKET_H 1
| #define HAVE_MSG_TRUNC 1
| #define HAVE_SO_RCVBUFFORCE 1
| #define HAVE_SO_SNDBUFFORCE 1
| #define HAVE_IP_ADD_MEMBERSHIP 1
| #define HAVE_IP_MULTICAST_LOOP 1
| #define HAVE_IP_MTU_DISCOVER 1
| #define SU_HAVE_ADDRINFO 1
| #define SU_HAVE_SOCKADDR_STORAGE 1
| #define HAVE_IFR_IFINDEX 1
| #define HAVE_IFCONF 1
| #define HAVE_LIBPTHREAD 1
| /* end confdefs.h.  */
| 
| /* Override any GCC internal prototype to avoid an error.
|    Use char because int might match the return type of a GCC
|    builtin and then its argument prototype would still apply.  */
| char socketpair ();
| int
| main (void)
| {
| return socketpair ();
|   ;
|   return 0;
| }
configure:17162: result: no
configure:17181: checking for library containing clock_gettime
configure:17211: gcc -o conftest   -DSU_DEBUG=0     conftest.c -lpthread  >&5
configure:17211: $? = 0
configure:17231: result: none required
configure:17240: checking for clock_gettime
configure:17240: gcc -o conftest   -DSU_DEBUG=0     conftest.c -lpthread  >&5
configure:17240: $? = 0
configure:17240: result: yes
configure:17246: checking for clock_getcpuclockid
configure:17246: gcc -o conftest   -DSU_DEBUG=0     conftest.c -lpthread  >&5
configure:17246: $? = 0
configure:17246: result: yes
configure:17253: checking whether CLOCK_MONOTONIC is declared
configure:17253: gcc -c   -DSU_DEBUG=0    conftest.c >&5
configure:17253: $? = 0
configure:17253: result: yes
configure:17301: checking for pkg-config
configure:17324: found /usr/bin/pkg-config
configure:17337: result: /usr/bin/pkg-config
configure:17355: checking for glib-2.0
configure:17359: result: yes
configure:17363: checking GLIB_CFLAGS
configure:17366: result: -I/usr/include/glib-2.0 -I/usr/lib/x86_64-linux-gnu/glib-2.0/include
configure:17369: checking GLIB_LIBS
configure:17372: result: -lglib-2.0
configure:17454: checking for library containing socket
configure:17484: gcc -o conftest   -DSU_DEBUG=0     conftest.c -lpthread  >&5
configure:17484: $? = 0
configure:17504: result: none required
configure:17513: checking for library containing inet_ntop
configure:17543: gcc -o conftest   -DSU_DEBUG=0     conftest.c -lpthread  >&5
configure:17543: $? = 0
configure:17563: result: none required
configure:17572: checking for library containing getipnodebyname
configure:17602: gcc -o conftest   -DSU_DEBUG=0     conftest.c -lpthread  >&5
/usr/bin/ld: /tmp/ccIie7Ui.o: in function `main':
conftest.c:(.text+0xe): undefined reference to `getipnodebyname'
collect2: error: ld returned 1 exit status
configure:17602: $? = 1
configure: failed program was:
| /* confdefs.h */
| #define PACKAGE_NAME "sofia-sip"
| #define PACKAGE_TARNAME "sofia-sip"
| #define PACKAGE_VERSION "1.13.17"
| #define PACKAGE_STRING "sofia-sip 1.13.17"
| #define PACKAGE_BUGREPORT ""
| #define PACKAGE_URL ""
| #define PACKAGE "sofia-sip"
| #define VERSION "1.13.17"
| #define HAVE_STDIO_H 1
| #define HAVE_STDLIB_H 1
| #define HAVE_STRING_H 1
| #define HAVE_INTTYPES_H 1
| #define HAVE_STDINT_H 1
| #define HAVE_STRINGS_H 1
| #define HAVE_SYS_STAT_H 1
| #define HAVE_SYS_TYPES_H 1
| #define HAVE_UNISTD_H 1
| #define HAVE_WCHAR_H 1
| #define HAVE_SYS_TIME_H 1
| #define STDC_HEADERS 1
| #define _ALL_SOURCE 1
| #define _DARWIN_C_SOURCE 1
| #define _GNU_SOURCE 1
| #define _HPUX_ALT_XOPEN_SOCKET_API 1
| #define _NETBSD_SOURCE 1
| #define _OPENBSD_SOURCE 1
| #define _POSIX_PTHREAD_SEMANTICS 1
| #define __STDC_WANT_IEC_60559_ATTRIBS_EXT__ 1
| #define __STDC_WANT_IEC_60559_BFP_EXT__ 1
| #define __STDC_WANT_IEC_60559_DFP_EXT__ 1
| #define __STDC_WANT_IEC_60559_FUNCS_EXT__ 1
| #define __STDC_WANT_IEC_60559_TYPES_EXT__ 1
| #define __STDC_WANT_LIB_EXT2__ 1
| #define __STDC_WANT_MATH_SPEC_FUNCS__ 1
| #define _TANDEM_SOURCE 1
| #define __EXTENSIONS__ 1
| #define HAVE_DLFCN_H 1
| #define LT_OBJDIR ".libs/"
| #define RETSIGTYPE void
| #define longlong long long
| #define HAVE_C99_FORMAT 1
| #define LLU "%llu"
| #define LLI "%lli"
| #define LLX "%llx"
| #define MOD_ZD "%zd"
| #define MOD_ZU "%zu"
| #define HAVE_INLINE 1
| #define SWITCH_BYTE_ORDER __LITTLE_ENDIAN
| #define HAVE_FUNC 1
| #define HAVE_FUNCTION 1
| #define HAVE_STRUCT_KEYWORDS 1
| #define TIME_WITH_SYS_TIME 1
| #define HAVE_DEV_URANDOM 1
| #define DEV_URANDOM 1
| #define SU_HAVE_SYS_TYPES 1
| #define SU_HAVE_STDINT 1
| #define SU_HAVE_INTTYPES 1
| #define SU_HAVE_PTHREADS 1
| #define su_inline static inline
| #define SU_INLINE inline
| #define SU_HAVE_INLINE 1
| #define SU_INLINE_TAG_CAST 1
| #define SOFIA_ISIZE_T int
| #define ISIZE_MAX INT_MAX
| #define SOFIA_ISSIZE_T int
| #define ISSIZE_MAX INT_MAX
| #define SOFIA_USIZE_T unsigned
| #define USIZE_MAX UINT_MAX
| #define HAVE_FREE_NULL 1
| #define HAVE_SIN6 1
| #define SU_HAVE_IN6 1
| #define HAVE_UNISTD_H 1
| #define HAVE_SYS_TIME_H 1
| #define HAVE_FCNTL_H 1
| #define HAVE_DIRENT_H 1
| #define SU_HAVE_BSDSOCK 1
| #define HAVE_SYS_SOCKET_H 1
| #define HAVE_SYS_IOCTL_H 1
| #define HAVE_SYS_SELECT_H 1
| #define HAVE_SYS_EPOLL_H 1
| #define HAVE_NETINET_IN_H 1
| #define HAVE_ARPA_INET_H 1
| #define HAVE_NETDB_H 1
| #define HAVE_NET_IF_H 1
| #define HAVE_NETPACKET_PACKET_H 1
| #define HAVE_MSG_TRUNC 1
| #define HAVE_SO_RCVBUFFORCE 1
| #define HAVE_SO_SNDBUFFORCE 1
| #define HAVE_IP_ADD_MEMBERSHIP 1
| #define HAVE_IP_MULTICAST_LOOP 1
| #define HAVE_IP_MTU_DISCOVER 1
| #define SU_HAVE_ADDRINFO 1
| #define SU_HAVE_SOCKADDR_STORAGE 1
| #define HAVE_IFR_IFINDEX 1
| #define HAVE_IFCONF 1
| #define HAVE_LIBPTHREAD 1
| #define HAVE_CLOCK_GETTIME 1
| #define HAVE_CLOCK_GETCPUCLOCKID 1
| #define HAVE_CLOCK_MONOTONIC 1
| /* end confdefs.h.  */
| 
| /* Override any GCC internal prototype to avoid an error.
|    Use char because int might match the return type of a GCC
|    builtin and then its argument prototype would still apply.  */
| char getipnodebyname ();
| int
| main (void)
| {
| return getipnodebyname ();
|   ;
|   return 0;
| }
configure:17602: gcc -o conftest   -DSU_DEBUG=0     conftest.c -lxnet  -lpthread  >&5
/usr/bin/ld: cannot find -lxnet: No such file or directory
collect2: error: ld returned 1 exit status
configure:17602: $? = 1
configure: failed program was:
| /* confdefs.h */
| #define PACKAGE_NAME "sofia-sip"
| #define PACKAGE_TARNAME "sofia-sip"
| #define PACKAGE_VERSION "1.13.17"
| #define PACKAGE_STRING "sofia-sip 1.13.17"
| #define PACKAGE_BUGREPORT ""
| #define PACKAGE_URL ""
| #define PACKAGE "sofia-sip"
| #define VERSION "1.13.17"
| #define HAVE_STDIO_H 1
| #define HAVE_STDLIB_H 1
| #define HAVE_STRING_H 1
| #define HAVE_INTTYPES_H 1
| #define HAVE_STDINT_H 1
| #define HAVE_STRINGS_H 1
| #define HAVE_SYS_STAT_H 1
| #define HAVE_SYS_TYPES_H 1
| #define HAVE_UNISTD_H 1
| #define HAVE_WCHAR_H 1
| #define HAVE_SYS_TIME_H 1
| #define STDC_HEADERS 1
| #define _ALL_SOURCE 1
| #define _DARWIN_C_SOURCE 1
| #define _GNU_SOURCE 1
| #define _HPUX_ALT_XOPEN_SOCKET_API 1
| #define _NETBSD_SOURCE 1
| #define _OPENBSD_SOURCE 1
| #define _POSIX_PTHREAD_SEMANTICS 1
| #define __STDC_WANT_IEC_60559_ATTRIBS_EXT__ 1
| #define __STDC_WANT_IEC_60559_BFP_EXT__ 1
| #define __STDC_WANT_IEC_60559_DFP_EXT__ 1
| #define __STDC_WANT_IEC_60559_FUNCS_EXT__ 1
| #define __STDC_WANT_IEC_60559_TYPES_EXT__ 1
| #define __STDC_WANT_LIB_EXT2__ 1
| #define __STDC_WANT_MATH_SPEC_FUNCS__ 1
| #define _TANDEM_SOURCE 1
| #define __EXTENSIONS__ 1
| #define HAVE_DLFCN_H 1
| #define LT_OBJDIR ".libs/"
| #define RETSIGTYPE void
| #define longlong long long
| #define HAVE_C99_FORMAT 1
| #define LLU "%llu"
| #define LLI "%lli"
| #define LLX "%llx"
| #define MOD_ZD "%zd"
| #define MOD_ZU "%zu"
| #define HAVE_INLINE 1
| #define SWITCH_BYTE_ORDER __LITTLE_ENDIAN
| #define HAVE_FUNC 1
| #define HAVE_FUNCTION 1
| #define HAVE_STRUCT_KEYWORDS 1
| #define TIME_WITH_SYS_TIME 1
| #define HAVE_DEV_URANDOM 1
| #define DEV_URANDOM 1
| #define SU_HAVE_SYS_TYPES 1
| #define SU_HAVE_STDINT 1
| #define SU_HAVE_INTTYPES 1
| #define SU_HAVE_PTHREADS 1
| #define su_inline static inline
| #define SU_INLINE inline
| #define SU_HAVE_INLINE 1
| #define SU_INLINE_TAG_CAST 1
| #define SOFIA_ISIZE_T int
| #define ISIZE_MAX INT_MAX
| #define SOFIA_ISSIZE_T int
| #define ISSIZE_MAX INT_MAX
| #define SOFIA_USIZE_T unsigned
| #define USIZE_MAX UINT_MAX
| #define HAVE_FREE_NULL 1
| #define HAVE_SIN6 1
| #define SU_HAVE_IN6 1
| #define HAVE_UNISTD_H 1
| #define HAVE_SYS_TIME_H 1
| #define HAVE_FCNTL_H 1
| #define HAVE_DIRENT_H 1
| #define SU_HAVE_BSDSOCK 1
| #define HAVE_SYS_SOCKET_H 1
| #define HAVE_SYS_IOCTL_H 1
| #define HAVE_SYS_SELECT_H 1
| #define HAVE_SYS_EPOLL_H 1
| #define HAVE_NETINET_IN_H 1
| #define HAVE_ARPA_INET_H 1
| #define HAVE_NETDB_H 1
| #define HAVE_NET_IF_H 1
| #define HAVE_NETPACKET_PACKET_H 1
| #define HAVE_MSG_TRUNC 1
| #define HAVE_SO_RCVBUFFORCE 1
| #define HAVE_SO_SNDBUFFORCE 1
| #define HAVE_IP_ADD_MEMBERSHIP 1
| #define HAVE_IP_MULTICAST_LOOP 1
| #define HAVE_IP_MTU_DISCOVER 1
| #define SU_HAVE_ADDRINFO 1
| #define SU_HAVE_SOCKADDR_STORAGE 1
| #define HAVE_IFR_IFINDEX 1
| #define HAVE_IFCONF 1
| #define HAVE_LIBPTHREAD 1
| #define HAVE_CLOCK_GETTIME 1
| #define HAVE_CLOCK_GETCPUCLOCKID 1
| #define HAVE_CLOCK_MONOTONIC 1
| /* end confdefs.h.  */
| 
| /* Override any GCC internal prototype to avoid an error.
|    Use char because int might match the return type of a GCC
|    builtin and then its argument prototype would still apply.  */
| char getipnodebyname ();
| int
| main (void)
| {
| return getipnodebyname ();
|   ;
|   return 0;
| }
configure:17602: gcc -o conftest   -DSU_DEBUG=0     conftest.c -lsocket  -lpthread  >&5
/usr/bin/ld: cannot find -lsocket: No such file or directory
collect2: error: ld returned 1 exit status
configure:17602: $? = 1
configure: failed program was:
| /* confdefs.h */
| #define PACKAGE_NAME "sofia-sip"
| #define PACKAGE_TARNAME "sofia-sip"
| #define PACKAGE_VERSION "1.13.17"
| #define PACKAGE_STRING "sofia-sip 1.13.17"
| #define PACKAGE_BUGREPORT ""
| #define PACKAGE_URL ""
| #define PACKAGE "sofia-sip"
| #define VERSION "1.13.17"
| #define HAVE_STDIO_H 1
| #define HAVE_STDLIB_H 1
| #define HAVE_STRING_H 1
| #define HAVE_INTTYPES_H 1
| #define HAVE_STDINT_H 1
| #define HAVE_STRINGS_H 1
| #define HAVE_SYS_STAT_H 1
| #define HAVE_SYS_TYPES_H 1
| #define HAVE_UNISTD_H 1
| #define HAVE_WCHAR_H 1
| #define HAVE_SYS_TIME_H 1
| #define STDC_HEADERS 1
| #define _ALL_SOURCE 1
| #define _DARWIN_C_SOURCE 1
| #define _GNU_SOURCE 1
| #define _HPUX_ALT_XOPEN_SOCKET_API 1
| #define _NETBSD_SOURCE 1
| #define _OPENBSD_SOURCE 1
| #define _POSIX_PTHREAD_SEMANTICS 1
| #define __STDC_WANT_IEC_60559_ATTRIBS_EXT__ 1
| #define __STDC_WANT_IEC_60559_BFP_EXT__ 1
| #define __STDC_WANT_IEC_60559_DFP_EXT__ 1
| #define __STDC_WANT_IEC_60559_FUNCS_EXT__ 1
| #define __STDC_WANT_IEC_60559_TYPES_EXT__ 1
| #define __STDC_WANT_LIB_EXT2__ 1
| #define __STDC_WANT_MATH_SPEC_FUNCS__ 1
| #define _TANDEM_SOURCE 1
| #define __EXTENSIONS__ 1
| #define HAVE_DLFCN_H 1
| #define LT_OBJDIR ".libs/"
| #define RETSIGTYPE void
| #define longlong long long
| #define HAVE_C99_FORMAT 1
| #define LLU "%llu"
| #define LLI "%lli"
| #define LLX "%llx"
| #define MOD_ZD "%zd"
| #define MOD_ZU "%zu"
| #define HAVE_INLINE 1
| #define SWITCH_BYTE_ORDER __LITTLE_ENDIAN
| #define HAVE_FUNC 1
| #define HAVE_FUNCTION 1
| #define HAVE_STRUCT_KEYWORDS 1
| #define TIME_WITH_SYS_TIME 1
| #define HAVE_DEV_URANDOM 1
| #define DEV_URANDOM 1
| #define SU_HAVE_SYS_TYPES 1
| #define SU_HAVE_STDINT 1
| #define SU_HAVE_INTTYPES 1
| #define SU_HAVE_PTHREADS 1
| #define su_inline static inline
| #define SU_INLINE inline
| #define SU_HAVE_INLINE 1
| #define SU_INLINE_TAG_CAST 1
| #define SOFIA_ISIZE_T int
| #define ISIZE_MAX INT_MAX
| #define SOFIA_ISSIZE_T int
| #define ISSIZE_MAX INT_MAX
| #define SOFIA_USIZE_T unsigned
| #define USIZE_MAX UINT_MAX
| #define HAVE_FREE_NULL 1
| #define HAVE_SIN6 1
| #define SU_HAVE_IN6 1
| #define HAVE_UNISTD_H 1
| #define HAVE_SYS_TIME_H 1
| #define HAVE_FCNTL_H 1
| #define HAVE_DIRENT_H 1
| #define SU_HAVE_BSDSOCK 1
| #define HAVE_SYS_SOCKET_H 1
| #define HAVE_SYS_IOCTL_H 1
| #define HAVE_SYS_SELECT_H 1
| #define HAVE_SYS_EPOLL_H 1
| #define HAVE_NETINET_IN_H 1
| #define HAVE_ARPA_INET_H 1
| #define HAVE_NETDB_H 1
| #define HAVE_NET_IF_H 1
| #define HAVE_NETPACKET_PACKET_H 1
| #define HAVE_MSG_TRUNC 1
| #define HAVE_SO_RCVBUFFORCE 1
| #define HAVE_SO_SNDBUFFORCE 1
| #define HAVE_IP_ADD_MEMBERSHIP 1
| #define HAVE_IP_MULTICAST_LOOP 1
| #define HAVE_IP_MTU_DISCOVER 1
| #define SU_HAVE_ADDRINFO 1
| #define SU_HAVE_SOCKADDR_STORAGE 1
| #define HAVE_IFR_IFINDEX 1
| #define HAVE_IFCONF 1
| #define HAVE_LIBPTHREAD 1
| #define HAVE_CLOCK_GETTIME 1
| #define HAVE_CLOCK_GETCPUCLOCKID 1
| #define HAVE_CLOCK_MONOTONIC 1
| /* end confdefs.h.  */
| 
| /* Override any GCC internal prototype to avoid an error.
|    Use char because int might match the return type of a GCC
|    builtin and then its argument prototype would still apply.  */
| char getipnodebyname ();
| int
| main (void)
| {
| return getipnodebyname ();
|   ;
|   return 0;
| }
configure:17602: gcc -o conftest   -DSU_DEBUG=0     conftest.c -lnsl  -lpthread  >&5
/usr/bin/ld: /tmp/ccFqYOZs.o: in function `main':
conftest.c:(.text+0xe): undefined reference to `getipnodebyname'
collect2: error: ld returned 1 exit status
configure:17602: $? = 1
configure: failed program was:
| /* confdefs.h */
| #define PACKAGE_NAME "sofia-sip"
| #define PACKAGE_TARNAME "sofia-sip"
| #define PACKAGE_VERSION "1.13.17"
| #define PACKAGE_STRING "sofia-sip 1.13.17"
| #define PACKAGE_BUGREPORT ""
| #define PACKAGE_URL ""
| #define PACKAGE "sofia-sip"
| #define VERSION "1.13.17"
| #define HAVE_STDIO_H 1
| #define HAVE_STDLIB_H 1
| #define HAVE_STRING_H 1
| #define HAVE_INTTYPES_H 1
| #define HAVE_STDINT_H 1
| #define HAVE_STRINGS_H 1
| #define HAVE_SYS_STAT_H 1
| #define HAVE_SYS_TYPES_H 1
| #define HAVE_UNISTD_H 1
| #define HAVE_WCHAR_H 1
| #define HAVE_SYS_TIME_H 1
| #define STDC_HEADERS 1
| #define _ALL_SOURCE 1
| #define _DARWIN_C_SOURCE 1
| #define _GNU_SOURCE 1
| #define _HPUX_ALT_XOPEN_SOCKET_API 1
| #define _NETBSD_SOURCE 1
| #define _OPENBSD_SOURCE 1
| #define _POSIX_PTHREAD_SEMANTICS 1
| #define __STDC_WANT_IEC_60559_ATTRIBS_EXT__ 1
| #define __STDC_WANT_IEC_60559_BFP_EXT__ 1
| #define __STDC_WANT_IEC_60559_DFP_EXT__ 1
| #define __STDC_WANT_IEC_60559_FUNCS_EXT__ 1
| #define __STDC_WANT_IEC_60559_TYPES_EXT__ 1
| #define __STDC_WANT_LIB_EXT2__ 1
| #define __STDC_WANT_MATH_SPEC_FUNCS__ 1
| #define _TANDEM_SOURCE 1
| #define __EXTENSIONS__ 1
| #define HAVE_DLFCN_H 1
| #define LT_OBJDIR ".libs/"
| #define RETSIGTYPE void
| #define longlong long long
| #define HAVE_C99_FORMAT 1
| #define LLU "%llu"
| #define LLI "%lli"
| #define LLX "%llx"
| #define MOD_ZD "%zd"
| #define MOD_ZU "%zu"
| #define HAVE_INLINE 1
| #define SWITCH_BYTE_ORDER __LITTLE_ENDIAN
| #define HAVE_FUNC 1
| #define HAVE_FUNCTION 1
| #define HAVE_STRUCT_KEYWORDS 1
| #define TIME_WITH_SYS_TIME 1
| #define HAVE_DEV_URANDOM 1
| #define DEV_URANDOM 1
| #define SU_HAVE_SYS_TYPES 1
| #define SU_HAVE_STDINT 1
| #define SU_HAVE_INTTYPES 1
| #define SU_HAVE_PTHREADS 1
| #define su_inline static inline
| #define SU_INLINE inline
| #define SU_HAVE_INLINE 1
| #define SU_INLINE_TAG_CAST 1
| #define SOFIA_ISIZE_T int
| #define ISIZE_MAX INT_MAX
| #define SOFIA_ISSIZE_T int
| #define ISSIZE_MAX INT_MAX
| #define SOFIA_USIZE_T unsigned
| #define USIZE_MAX UINT_MAX
| #define HAVE_FREE_NULL 1
| #define HAVE_SIN6 1
| #define SU_HAVE_IN6 1
| #define HAVE_UNISTD_H 1
| #define HAVE_SYS_TIME_H 1
| #define HAVE_FCNTL_H 1
| #define HAVE_DIRENT_H 1
| #define SU_HAVE_BSDSOCK 1
| #define HAVE_SYS_SOCKET_H 1
| #define HAVE_SYS_IOCTL_H 1
| #define HAVE_SYS_SELECT_H 1
| #define HAVE_SYS_EPOLL_H 1
| #define HAVE_NETINET_IN_H 1
| #define HAVE_ARPA_INET_H 1
| #define HAVE_NETDB_H 1
| #define HAVE_NET_IF_H 1
| #define HAVE_NETPACKET_PACKET_H 1
| #define HAVE_MSG_TRUNC 1
| #define HAVE_SO_RCVBUFFORCE 1
| #define HAVE_SO_SNDBUFFORCE 1
| #define HAVE_IP_ADD_MEMBERSHIP 1
| #define HAVE_IP_MULTICAST_LOOP 1
| #define HAVE_IP_MTU_DISCOVER 1
| #define SU_HAVE_ADDRINFO 1
| #define SU_HAVE_SOCKADDR_STORAGE 1
| #define HAVE_IFR_IFINDEX 1
| #define HAVE_IFCONF 1
| #define HAVE_LIBPTHREAD 1
| #define HAVE_CLOCK_GETTIME 1
| #define HAVE_CLOCK_GETCPUCLOCKID 1
| #define HAVE_CLOCK_MONOTONIC 1
| /* end confdefs.h.  */
| 
| /* Override any GCC internal prototype to avoid an error.
|    Use char because int might match the return type of a GCC
|    builtin and then its argument prototype would still apply.  */
| char getipnodebyname ();
| int
| main (void)
| {
| return getipnodebyname ();
|   ;
|   return 0;
| }
configure:17622: result: no
configure:17631: checking for library containing gethostbyname
configure:17661: gcc -o conftest   -DSU_DEBUG=0     conftest.c -lpthread  >&5
configure:17661: $? = 0
configure:17681: result: none required
configure:17690: checking for library containing getaddrinfo
configure:17720: gcc -o conftest   -DSU_DEBUG=0     conftest.c -lpthread  >&5
configure:17720: $? = 0
configure:17740: result: none required
configure:17752: checking for working alloca.h
configure:17770: gcc -o conftest   -DSU_DEBUG=0     conftest.c -lpthread  >&5
configure:17770: $? = 0
configure:17779: result: yes
configure:17787: checking for alloca
configure:17832: result: yes
configure:17900: checking for gettimeofday
configure:17900: gcc -o conftest   -DSU_DEBUG=0     conftest.c -lpthread  >&5
configure:17900: $? = 0
configure:17900: result: yes
configure:17906: checking for strerror
configure:17906: gcc -o conftest   -DSU_DEBUG=0     conftest.c -lpthread  >&5
configure:17906: $? = 0
configure:17906: result: yes
configure:17912: checking for random
configure:17912: gcc -o conftest   -DSU_DEBUG=0     conftest.c -lpthread  >&5
configure:17912: $? = 0
configure:17912: result: yes
configure:17918: checking for initstate
configure:17918: gcc -o conftest   -DSU_DEBUG=0     conftest.c -lpthread  >&5
configure:17918: $? = 0
configure:17918: result: yes
configure:17924: checking for tcsetattr
configure:17924: gcc -o conftest   -DSU_DEBUG=0     conftest.c -lpthread  >&5
configure:17924: $? = 0
configure:17924: result: yes
configure:17930: checking for flock
configure:17930: gcc -o conftest   -DSU_DEBUG=0     conftest.c -lpthread  >&5
configure:17930: $? = 0
configure:17930: result: yes
configure:17936: checking for socketpair
configure:17936: gcc -o conftest   -DSU_DEBUG=0     conftest.c -lpthread  >&5
configure:17936: $? = 0
configure:17936: result: yes
configure:17942: checking for gethostname
configure:17942: gcc -o conftest   -DSU_DEBUG=0     conftest.c -lpthread  >&5
configure:17942: $? = 0
configure:17942: result: yes
configure:17948: checking for gethostbyname
configure:17948: gcc -o conftest   -DSU_DEBUG=0     conftest.c -lpthread  >&5
configure:17948: $? = 0
configure:17948: result: yes
configure:17954: checking for getipnodebyname
configure:17954: gcc -o conftest   -DSU_DEBUG=0     conftest.c -lpthread  >&5
/usr/bin/ld: /tmp/ccawiDOZ.o: in function `main':
conftest.c:(.text+0xe): undefined reference to `getipnodebyname'
collect2: error: ld returned 1 exit status
configure:17954: $? = 1
configure: failed program was:
| /* confdefs.h */
| #define PACKAGE_NAME "sofia-sip"
| #define PACKAGE_TARNAME "sofia-sip"
| #define PACKAGE_VERSION "1.13.17"
| #define PACKAGE_STRING "sofia-sip 1.13.17"
| #define PACKAGE_BUGREPORT ""
| #define PACKAGE_URL ""
| #define PACKAGE "sofia-sip"
| #define VERSION "1.13.17"
| #define HAVE_STDIO_H 1
| #define HAVE_STDLIB_H 1
| #define HAVE_STRING_H 1
| #define HAVE_INTTYPES_H 1
| #define HAVE_STDINT_H 1
| #define HAVE_STRINGS_H 1
| #define HAVE_SYS_STAT_H 1
| #define HAVE_SYS_TYPES_H 1
| #define HAVE_UNISTD_H 1
| #define HAVE_WCHAR_H 1
| #define HAVE_SYS_TIME_H 1
| #define STDC_HEADERS 1
| #define _ALL_SOURCE 1
| #define _DARWIN_C_SOURCE 1
| #define _GNU_SOURCE 1
| #define _HPUX_ALT_XOPEN_SOCKET_API 1
| #define _NETBSD_SOURCE 1
| #define _OPENBSD_SOURCE 1
| #define _POSIX_PTHREAD_SEMANTICS 1
| #define __STDC_WANT_IEC_60559_ATTRIBS_EXT__ 1
| #define __STDC_WANT_IEC_60559_BFP_EXT__ 1
| #define __STDC_WANT_IEC_60559_DFP_EXT__ 1
| #define __STDC_WANT_IEC_60559_FUNCS_EXT__ 1
| #define __STDC_WANT_IEC_60559_TYPES_EXT__ 1
| #define __STDC_WANT_LIB_EXT2__ 1
| #define __STDC_WANT_MATH_SPEC_FUNCS__ 1
| #define _TANDEM_SOURCE 1
| #define __EXTENSIONS__ 1
| #define HAVE_DLFCN_H 1
| #define LT_OBJDIR ".libs/"
| #define RETSIGTYPE void
| #define longlong long long
| #define HAVE_C99_FORMAT 1
| #define LLU "%llu"
| #define LLI "%lli"
| #define LLX "%llx"
| #define MOD_ZD "%zd"
| #define MOD_ZU "%zu"
| #define HAVE_INLINE 1
| #define SWITCH_BYTE_ORDER __LITTLE_ENDIAN
| #define HAVE_FUNC 1
| #define HAVE_FUNCTION 1
| #define HAVE_STRUCT_KEYWORDS 1
| #define TIME_WITH_SYS_TIME 1
| #define HAVE_DEV_URANDOM 1
| #define DEV_URANDOM 1
| #define SU_HAVE_SYS_TYPES 1
| #define SU_HAVE_STDINT 1
| #define SU_HAVE_INTTYPES 1
| #define SU_HAVE_PTHREADS 1
| #define su_inline static inline
| #define SU_INLINE inline
| #define SU_HAVE_INLINE 1
| #define SU_INLINE_TAG_CAST 1
| #define SOFIA_ISIZE_T int
| #define ISIZE_MAX INT_MAX
| #define SOFIA_ISSIZE_T int
| #define ISSIZE_MAX INT_MAX
| #define SOFIA_USIZE_T unsigned
| #define USIZE_MAX UINT_MAX
| #define HAVE_FREE_NULL 1
| #define HAVE_SIN6 1
| #define SU_HAVE_IN6 1
| #define HAVE_UNISTD_H 1
| #define HAVE_SYS_TIME_H 1
| #define HAVE_FCNTL_H 1
| #define HAVE_DIRENT_H 1
| #define SU_HAVE_BSDSOCK 1
| #define HAVE_SYS_SOCKET_H 1
| #define HAVE_SYS_IOCTL_H 1
| #define HAVE_SYS_SELECT_H 1
| #define HAVE_SYS_EPOLL_H 1
| #define HAVE_NETINET_IN_H 1
| #define HAVE_ARPA_INET_H 1
| #define HAVE_NETDB_H 1
| #define HAVE_NET_IF_H 1
| #define HAVE_NETPACKET_PACKET_H 1
| #define HAVE_MSG_TRUNC 1
| #define HAVE_SO_RCVBUFFORCE 1
| #define HAVE_SO_SNDBUFFORCE 1
| #define HAVE_IP_ADD_MEMBERSHIP 1
| #define HAVE_IP_MULTICAST_LOOP 1
| #define HAVE_IP_MTU_DISCOVER 1
| #define SU_HAVE_ADDRINFO 1
| #define SU_HAVE_SOCKADDR_STORAGE 1
| #define HAVE_IFR_IFINDEX 1
| #define HAVE_IFCONF 1
| #define HAVE_LIBPTHREAD 1
| #define HAVE_CLOCK_GETTIME 1
| #define HAVE_CLOCK_GETCPUCLOCKID 1
| #define HAVE_CLOCK_MONOTONIC 1
| #define HAVE_ALLOCA_H 1
| #define HAVE_ALLOCA 1
| #define HAVE_GETTIMEOFDAY 1
| #define HAVE_STRERROR 1
| #define HAVE_RANDOM 1
| #define HAVE_INITSTATE 1
| #define HAVE_TCSETATTR 1
| #define HAVE_FLOCK 1
| #define HAVE_SOCKETPAIR 1
| #define HAVE_GETHOSTNAME 1
| #define HAVE_GETHOSTBYNAME 1
| /* end confdefs.h.  */
| /* Define getipnodebyname to an innocuous variant, in case <limits.h> declares getipnodebyname.
|    For example, HP-UX 11i <limits.h> declares gettimeofday.  */
| #define getipnodebyname innocuous_getipnodebyname
| 
| /* System header to define __stub macros and hopefully few prototypes,
|    which can conflict with char getipnodebyname (); below.  */
| 
| #include <limits.h>
| #undef getipnodebyname
| 
| /* Override any GCC internal prototype to avoid an error.
|    Use char because int might match the return type of a GCC
|    builtin and then its argument prototype would still apply.  */
| #ifdef __cplusplus
| extern "C"
| #endif
| char getipnodebyname ();
| /* The GNU C library defines this for functions which it implements
|     to always fail with ENOSYS.  Some functions are actually named
|     something starting with __ and the normal name is an alias.  */
| #if defined __stub_getipnodebyname || defined __stub___getipnodebyname
| choke me
| #endif
| 
| int
| main (void)
| {
| return getipnodebyname ();
|   ;
|   return 0;
| }
configure:17954: result: no
configure:17960: checking for poll
configure:17960: gcc -o conftest   -DSU_DEBUG=0     conftest.c -lpthread  >&5
configure:17960: $? = 0
configure:17960: result: yes
configure:17966: checking for epoll_create
configure:17966: gcc -o conftest   -DSU_DEBUG=0     conftest.c -lpthread  >&5
configure:17966: $? = 0
configure:17966: result: yes
configure:17972: checking for kqueue
configure:17972: gcc -o conftest   -DSU_DEBUG=0     conftest.c -lpthread  >&5
/usr/bin/ld: /tmp/cchSCiAJ.o: in function `main':
conftest.c:(.text+0xe): undefined reference to `kqueue'
collect2: error: ld returned 1 exit status
configure:17972: $? = 1
configure: failed program was:
| /* confdefs.h */
| #define PACKAGE_NAME "sofia-sip"
| #define PACKAGE_TARNAME "sofia-sip"
| #define PACKAGE_VERSION "1.13.17"
| #define PACKAGE_STRING "sofia-sip 1.13.17"
| #define PACKAGE_BUGREPORT ""
| #define PACKAGE_URL ""
| #define PACKAGE "sofia-sip"
| #define VERSION "1.13.17"
| #define HAVE_STDIO_H 1
| #define HAVE_STDLIB_H 1
| #define HAVE_STRING_H 1
| #define HAVE_INTTYPES_H 1
| #define HAVE_STDINT_H 1
| #define HAVE_STRINGS_H 1
| #define HAVE_SYS_STAT_H 1
| #define HAVE_SYS_TYPES_H 1
| #define HAVE_UNISTD_H 1
| #define HAVE_WCHAR_H 1
| #define HAVE_SYS_TIME_H 1
| #define STDC_HEADERS 1
| #define _ALL_SOURCE 1
| #define _DARWIN_C_SOURCE 1
| #define _GNU_SOURCE 1
| #define _HPUX_ALT_XOPEN_SOCKET_API 1
| #define _NETBSD_SOURCE 1
| #define _OPENBSD_SOURCE 1
| #define _POSIX_PTHREAD_SEMANTICS 1
| #define __STDC_WANT_IEC_60559_ATTRIBS_EXT__ 1
| #define __STDC_WANT_IEC_60559_BFP_EXT__ 1
| #define __STDC_WANT_IEC_60559_DFP_EXT__ 1
| #define __STDC_WANT_IEC_60559_FUNCS_EXT__ 1
| #define __STDC_WANT_IEC_60559_TYPES_EXT__ 1
| #define __STDC_WANT_LIB_EXT2__ 1
| #define __STDC_WANT_MATH_SPEC_FUNCS__ 1
| #define _TANDEM_SOURCE 1
| #define __EXTENSIONS__ 1
| #define HAVE_DLFCN_H 1
| #define LT_OBJDIR ".libs/"
| #define RETSIGTYPE void
| #define longlong long long
| #define HAVE_C99_FORMAT 1
| #define LLU "%llu"
| #define LLI "%lli"
| #define LLX "%llx"
| #define MOD_ZD "%zd"
| #define MOD_ZU "%zu"
| #define HAVE_INLINE 1
| #define SWITCH_BYTE_ORDER __LITTLE_ENDIAN
| #define HAVE_FUNC 1
| #define HAVE_FUNCTION 1
| #define HAVE_STRUCT_KEYWORDS 1
| #define TIME_WITH_SYS_TIME 1
| #define HAVE_DEV_URANDOM 1
| #define DEV_URANDOM 1
| #define SU_HAVE_SYS_TYPES 1
| #define SU_HAVE_STDINT 1
| #define SU_HAVE_INTTYPES 1
| #define SU_HAVE_PTHREADS 1
| #define su_inline static inline
| #define SU_INLINE inline
| #define SU_HAVE_INLINE 1
| #define SU_INLINE_TAG_CAST 1
| #define SOFIA_ISIZE_T int
| #define ISIZE_MAX INT_MAX
| #define SOFIA_ISSIZE_T int
| #define ISSIZE_MAX INT_MAX
| #define SOFIA_USIZE_T unsigned
| #define USIZE_MAX UINT_MAX
| #define HAVE_FREE_NULL 1
| #define HAVE_SIN6 1
| #define SU_HAVE_IN6 1
| #define HAVE_UNISTD_H 1
| #define HAVE_SYS_TIME_H 1
| #define HAVE_FCNTL_H 1
| #define HAVE_DIRENT_H 1
| #define SU_HAVE_BSDSOCK 1
| #define HAVE_SYS_SOCKET_H 1
| #define HAVE_SYS_IOCTL_H 1
| #define HAVE_SYS_SELECT_H 1
| #define HAVE_SYS_EPOLL_H 1
| #define HAVE_NETINET_IN_H 1
| #define HAVE_ARPA_INET_H 1
| #define HAVE_NETDB_H 1
| #define HAVE_NET_IF_H 1
| #define HAVE_NETPACKET_PACKET_H 1
| #define HAVE_MSG_TRUNC 1
| #define HAVE_SO_RCVBUFFORCE 1
| #define HAVE_SO_SNDBUFFORCE 1
| #define HAVE_IP_ADD_MEMBERSHIP 1
| #define HAVE_IP_MULTICAST_LOOP 1
| #define HAVE_IP_MTU_DISCOVER 1
| #define SU_HAVE_ADDRINFO 1
| #define SU_HAVE_SOCKADDR_STORAGE 1
| #define HAVE_IFR_IFINDEX 1
| #define HAVE_IFCONF 1
| #define HAVE_LIBPTHREAD 1
| #define HAVE_CLOCK_GETTIME 1
| #define HAVE_CLOCK_GETCPUCLOCKID 1
| #define HAVE_CLOCK_MONOTONIC 1
| #define HAVE_ALLOCA_H 1
| #define HAVE_ALLOCA 1
| #define HAVE_GETTIMEOFDAY 1
| #define HAVE_STRERROR 1
| #define HAVE_RANDOM 1
| #define HAVE_INITSTATE 1
| #define HAVE_TCSETATTR 1
| #define HAVE_FLOCK 1
| #define HAVE_SOCKETPAIR 1
| #define HAVE_GETHOSTNAME 1
| #define HAVE_GETHOSTBYNAME 1
| #define HAVE_POLL 1
| #define HAVE_EPOLL_CREATE 1
| /* end confdefs.h.  */
| /* Define kqueue to an innocuous variant, in case <limits.h> declares kqueue.
|    For example, HP-UX 11i <limits.h> declares gettimeofday.  */
| #define kqueue innocuous_kqueue
| 
| /* System header to define __stub macros and hopefully few prototypes,
|    which can conflict with char kqueue (); below.  */
| 
| #include <limits.h>
| #undef kqueue
| 
| /* Override any GCC internal prototype to avoid an error.
|    Use char because int might match the return type of a GCC
|    builtin and then its argument prototype would still apply.  */
| #ifdef __cplusplus
| extern "C"
| #endif
| char kqueue ();
| /* The GNU C library defines this for functions which it implements
|     to always fail with ENOSYS.  Some functions are actually named
|     something starting with __ and the normal name is an alias.  */
| #if defined __stub_kqueue || defined __stub___kqueue
| choke me
| #endif
| 
| int
| main (void)
| {
| return kqueue ();
|   ;
|   return 0;
| }
configure:17972: result: no
configure:17978: checking for select
configure:17978: gcc -o conftest   -DSU_DEBUG=0     conftest.c -lpthread  >&5
configure:17978: $? = 0
configure:17978: result: yes
configure:17984: checking for if_nameindex
configure:17984: gcc -o conftest   -DSU_DEBUG=0     conftest.c -lpthread  >&5
configure:17984: $? = 0
configure:17984: result: yes
configure:17990: checking for signal
configure:17990: gcc -o conftest   -DSU_DEBUG=0     conftest.c -lpthread  >&5
configure:17990: $? = 0
configure:17990: result: yes
configure:17996: checking for alarm
configure:17996: gcc -o conftest   -DSU_DEBUG=0     conftest.c -lpthread  >&5
configure:17996: $? = 0
configure:17996: result: yes
configure:18002: checking for strnlen
configure:18002: gcc -o conftest   -DSU_DEBUG=0     conftest.c -lpthread  >&5
conftest.c:135:6: warning: conflicting types for built-in function 'strnlen'; expected 'long unsigned int(const char *, long unsigned int)' [-Wbuiltin-declaration-mismatch]
  135 | char strnlen ();
      |      ^~~~~~~
configure:18002: $? = 0
configure:18002: result: yes
configure:18008: checking for getaddrinfo
configure:18008: gcc -o conftest   -DSU_DEBUG=0     conftest.c -lpthread  >&5
configure:18008: $? = 0
configure:18008: result: yes
configure:18014: checking for getnameinfo
configure:18014: gcc -o conftest   -DSU_DEBUG=0     conftest.c -lpthread  >&5
configure:18014: $? = 0
configure:18014: result: yes
configure:18020: checking for freeaddrinfo
configure:18020: gcc -o conftest   -DSU_DEBUG=0     conftest.c -lpthread  >&5
configure:18020: $? = 0
configure:18020: result: yes
configure:18026: checking for gai_strerror
configure:18026: gcc -o conftest   -DSU_DEBUG=0     conftest.c -lpthread  >&5
configure:18026: $? = 0
configure:18026: result: yes
configure:18032: checking for getifaddrs
configure:18032: gcc -o conftest   -DSU_DEBUG=0     conftest.c -lpthread  >&5
configure:18032: $? = 0
configure:18032: result: yes
configure:18038: checking for getline
configure:18038: gcc -o conftest   -DSU_DEBUG=0     conftest.c -lpthread  >&5
configure:18038: $? = 0
configure:18038: result: yes
configure:18044: checking for getdelim
configure:18044: gcc -o conftest   -DSU_DEBUG=0     conftest.c -lpthread  >&5
configure:18044: $? = 0
configure:18044: result: yes
configure:18050: checking for getpass
configure:18050: gcc -o conftest   -DSU_DEBUG=0     conftest.c -lpthread  >&5
configure:18050: $? = 0
configure:18050: result: yes
configure:18086: checking for memmem
configure:18086: gcc -o conftest   -DSU_DEBUG=0     conftest.c -lpthread  >&5
configure:18086: $? = 0
configure:18086: result: yes
configure:18086: checking for memccpy
configure:18086: gcc -o conftest   -DSU_DEBUG=0     conftest.c -lpthread  >&5
configure:18086: $? = 0
configure:18086: result: yes
configure:18086: checking for memspn
configure:18086: gcc -o conftest   -DSU_DEBUG=0     conftest.c -lpthread  >&5
/usr/bin/ld: /tmp/ccJhr5Az.o: in function `main':
conftest.c:(.text+0xe): undefined reference to `memspn'
collect2: error: ld returned 1 exit status
configure:18086: $? = 1
configure: failed program was:
| /* confdefs.h */
| #define PACKAGE_NAME "sofia-sip"
| #define PACKAGE_TARNAME "sofia-sip"
| #define PACKAGE_VERSION "1.13.17"
| #define PACKAGE_STRING "sofia-sip 1.13.17"
| #define PACKAGE_BUGREPORT ""
| #define PACKAGE_URL ""
| #define PACKAGE "sofia-sip"
| #define VERSION "1.13.17"
| #define HAVE_STDIO_H 1
| #define HAVE_STDLIB_H 1
| #define HAVE_STRING_H 1
| #define HAVE_INTTYPES_H 1
| #define HAVE_STDINT_H 1
| #define HAVE_STRINGS_H 1
| #define HAVE_SYS_STAT_H 1
| #define HAVE_SYS_TYPES_H 1
| #define HAVE_UNISTD_H 1
| #define HAVE_WCHAR_H 1
| #define HAVE_SYS_TIME_H 1
| #define STDC_HEADERS 1
| #define _ALL_SOURCE 1
| #define _DARWIN_C_SOURCE 1
| #define _GNU_SOURCE 1
| #define _HPUX_ALT_XOPEN_SOCKET_API 1
| #define _NETBSD_SOURCE 1
| #define _OPENBSD_SOURCE 1
| #define _POSIX_PTHREAD_SEMANTICS 1
| #define __STDC_WANT_IEC_60559_ATTRIBS_EXT__ 1
| #define __STDC_WANT_IEC_60559_BFP_EXT__ 1
| #define __STDC_WANT_IEC_60559_DFP_EXT__ 1
| #define __STDC_WANT_IEC_60559_FUNCS_EXT__ 1
| #define __STDC_WANT_IEC_60559_TYPES_EXT__ 1
| #define __STDC_WANT_LIB_EXT2__ 1
| #define __STDC_WANT_MATH_SPEC_FUNCS__ 1
| #define _TANDEM_SOURCE 1
| #define __EXTENSIONS__ 1
| #define HAVE_DLFCN_H 1
| #define LT_OBJDIR ".libs/"
| #define RETSIGTYPE void
| #define longlong long long
| #define HAVE_C99_FORMAT 1
| #define LLU "%llu"
| #define LLI "%lli"
| #define LLX "%llx"
| #define MOD_ZD "%zd"
| #define MOD_ZU "%zu"
| #define HAVE_INLINE 1
| #define SWITCH_BYTE_ORDER __LITTLE_ENDIAN
| #define HAVE_FUNC 1
| #define HAVE_FUNCTION 1
| #define HAVE_STRUCT_KEYWORDS 1
| #define TIME_WITH_SYS_TIME 1
| #define HAVE_DEV_URANDOM 1
| #define DEV_URANDOM 1
| #define SU_HAVE_SYS_TYPES 1
| #define SU_HAVE_STDINT 1
| #define SU_HAVE_INTTYPES 1
| #define SU_HAVE_PTHREADS 1
| #define su_inline static inline
| #define SU_INLINE inline
| #define SU_HAVE_INLINE 1
| #define SU_INLINE_TAG_CAST 1
| #define SOFIA_ISIZE_T int
| #define ISIZE_MAX INT_MAX
| #define SOFIA_ISSIZE_T int
| #define ISSIZE_MAX INT_MAX
| #define SOFIA_USIZE_T unsigned
| #define USIZE_MAX UINT_MAX
| #define HAVE_FREE_NULL 1
| #define HAVE_SIN6 1
| #define SU_HAVE_IN6 1
| #define HAVE_UNISTD_H 1
| #define HAVE_SYS_TIME_H 1
| #define HAVE_FCNTL_H 1
| #define HAVE_DIRENT_H 1
| #define SU_HAVE_BSDSOCK 1
| #define HAVE_SYS_SOCKET_H 1
| #define HAVE_SYS_IOCTL_H 1
| #define HAVE_SYS_SELECT_H 1
| #define HAVE_SYS_EPOLL_H 1
| #define HAVE_NETINET_IN_H 1
| #define HAVE_ARPA_INET_H 1
| #define HAVE_NETDB_H 1
| #define HAVE_NET_IF_H 1
| #define HAVE_NETPACKET_PACKET_H 1
| #define HAVE_MSG_TRUNC 1
| #define HAVE_SO_RCVBUFFORCE 1
| #define HAVE_SO_SNDBUFFORCE 1
| #define HAVE_IP_ADD_MEMBERSHIP 1
| #define HAVE_IP_MULTICAST_LOOP 1
| #define HAVE_IP_MTU_DISCOVER 1
| #define SU_HAVE_ADDRINFO 1
| #define SU_HAVE_SOCKADDR_STORAGE 1
| #define HAVE_IFR_IFINDEX 1
| #define HAVE_IFCONF 1
| #define HAVE_LIBPTHREAD 1
| #define HAVE_CLOCK_GETTIME 1
| #define HAVE_CLOCK_GETCPUCLOCKID 1
| #define HAVE_CLOCK_MONOTONIC 1
| #define HAVE_ALLOCA_H 1
| #define HAVE_ALLOCA 1
| #define HAVE_GETTIMEOFDAY 1
| #define HAVE_STRERROR 1
| #define HAVE_RANDOM 1
| #define HAVE_INITSTATE 1
| #define HAVE_TCSETATTR 1
| #define HAVE_FLOCK 1
| #define HAVE_SOCKETPAIR 1
| #define HAVE_GETHOSTNAME 1
| #define HAVE_GETHOSTBYNAME 1
| #define HAVE_POLL 1
| #define HAVE_EPOLL_CREATE 1
| #define HAVE_SELECT 1
| #define HAVE_IF_NAMEINDEX 1
| #define HAVE_SIGNAL 1
| #define HAVE_ALARM 1
| #define HAVE_STRNLEN 1
| #define HAVE_GETADDRINFO 1
| #define HAVE_GETNAMEINFO 1
| #define HAVE_FREEADDRINFO 1
| #define HAVE_GAI_STRERROR 1
| #define HAVE_GETIFADDRS 1
| #define HAVE_GETLINE 1
| #define HAVE_GETDELIM 1
| #define HAVE_GETPASS 1
| #define SU_HAVE_POLL 1
| #define HAVE_EPOLL 1
| #define SU_HAVE_IF_NAMEINDEX 1
| #define HAVE_MEMMEM 1
| #define HAVE_MEMCCPY 1
| /* end confdefs.h.  */
| /* Define memspn to an innocuous variant, in case <limits.h> declares memspn.
|    For example, HP-UX 11i <limits.h> declares gettimeofday.  */
| #define memspn innocuous_memspn
| 
| /* System header to define __stub macros and hopefully few prototypes,
|    which can conflict with char memspn (); below.  */
| 
| #include <limits.h>
| #undef memspn
| 
| /* Override any GCC internal prototype to avoid an error.
|    Use char because int might match the return type of a GCC
|    builtin and then its argument prototype would still apply.  */
| #ifdef __cplusplus
| extern "C"
| #endif
| char memspn ();
| /* The GNU C library defines this for functions which it implements
|     to always fail with ENOSYS.  Some functions are actually named
|     something starting with __ and the normal name is an alias.  */
| #if defined __stub_memspn || defined __stub___memspn
| choke me
| #endif
| 
| int
| main (void)
| {
| return memspn ();
|   ;
|   return 0;
| }
configure:18086: result: no
configure:18086: checking for memcspn
configure:18086: gcc -o conftest   -DSU_DEBUG=0     conftest.c -lpthread  >&5
/usr/bin/ld: /tmp/cccl4GmS.o: in function `main':
conftest.c:(.text+0xe): undefined reference to `memcspn'
collect2: error: ld returned 1 exit status
configure:18086: $? = 1
configure: failed program was:
| /* confdefs.h */
| #define PACKAGE_NAME "sofia-sip"
| #define PACKAGE_TARNAME "sofia-sip"
| #define PACKAGE_VERSION "1.13.17"
| #define PACKAGE_STRING "sofia-sip 1.13.17"
| #define PACKAGE_BUGREPORT ""
| #define PACKAGE_URL ""
| #define PACKAGE "sofia-sip"
| #define VERSION "1.13.17"
| #define HAVE_STDIO_H 1
| #define HAVE_STDLIB_H 1
| #define HAVE_STRING_H 1
| #define HAVE_INTTYPES_H 1
| #define HAVE_STDINT_H 1
| #define HAVE_STRINGS_H 1
| #define HAVE_SYS_STAT_H 1
| #define HAVE_SYS_TYPES_H 1
| #define HAVE_UNISTD_H 1
| #define HAVE_WCHAR_H 1
| #define HAVE_SYS_TIME_H 1
| #define STDC_HEADERS 1
| #define _ALL_SOURCE 1
| #define _DARWIN_C_SOURCE 1
| #define _GNU_SOURCE 1
| #define _HPUX_ALT_XOPEN_SOCKET_API 1
| #define _NETBSD_SOURCE 1
| #define _OPENBSD_SOURCE 1
| #define _POSIX_PTHREAD_SEMANTICS 1
| #define __STDC_WANT_IEC_60559_ATTRIBS_EXT__ 1
| #define __STDC_WANT_IEC_60559_BFP_EXT__ 1
| #define __STDC_WANT_IEC_60559_DFP_EXT__ 1
| #define __STDC_WANT_IEC_60559_FUNCS_EXT__ 1
| #define __STDC_WANT_IEC_60559_TYPES_EXT__ 1
| #define __STDC_WANT_LIB_EXT2__ 1
| #define __STDC_WANT_MATH_SPEC_FUNCS__ 1
| #define _TANDEM_SOURCE 1
| #define __EXTENSIONS__ 1
| #define HAVE_DLFCN_H 1
| #define LT_OBJDIR ".libs/"
| #define RETSIGTYPE void
| #define longlong long long
| #define HAVE_C99_FORMAT 1
| #define LLU "%llu"
| #define LLI "%lli"
| #define LLX "%llx"
| #define MOD_ZD "%zd"
| #define MOD_ZU "%zu"
| #define HAVE_INLINE 1
| #define SWITCH_BYTE_ORDER __LITTLE_ENDIAN
| #define HAVE_FUNC 1
| #define HAVE_FUNCTION 1
| #define HAVE_STRUCT_KEYWORDS 1
| #define TIME_WITH_SYS_TIME 1
| #define HAVE_DEV_URANDOM 1
| #define DEV_URANDOM 1
| #define SU_HAVE_SYS_TYPES 1
| #define SU_HAVE_STDINT 1
| #define SU_HAVE_INTTYPES 1
| #define SU_HAVE_PTHREADS 1
| #define su_inline static inline
| #define SU_INLINE inline
| #define SU_HAVE_INLINE 1
| #define SU_INLINE_TAG_CAST 1
| #define SOFIA_ISIZE_T int
| #define ISIZE_MAX INT_MAX
| #define SOFIA_ISSIZE_T int
| #define ISSIZE_MAX INT_MAX
| #define SOFIA_USIZE_T unsigned
| #define USIZE_MAX UINT_MAX
| #define HAVE_FREE_NULL 1
| #define HAVE_SIN6 1
| #define SU_HAVE_IN6 1
| #define HAVE_UNISTD_H 1
| #define HAVE_SYS_TIME_H 1
| #define HAVE_FCNTL_H 1
| #define HAVE_DIRENT_H 1
| #define SU_HAVE_BSDSOCK 1
| #define HAVE_SYS_SOCKET_H 1
| #define HAVE_SYS_IOCTL_H 1
| #define HAVE_SYS_SELECT_H 1
| #define HAVE_SYS_EPOLL_H 1
| #define HAVE_NETINET_IN_H 1
| #define HAVE_ARPA_INET_H 1
| #define HAVE_NETDB_H 1
| #define HAVE_NET_IF_H 1
| #define HAVE_NETPACKET_PACKET_H 1
| #define HAVE_MSG_TRUNC 1
| #define HAVE_SO_RCVBUFFORCE 1
| #define HAVE_SO_SNDBUFFORCE 1
| #define HAVE_IP_ADD_MEMBERSHIP 1
| #define HAVE_IP_MULTICAST_LOOP 1
| #define HAVE_IP_MTU_DISCOVER 1
| #define SU_HAVE_ADDRINFO 1
| #define SU_HAVE_SOCKADDR_STORAGE 1
| #define HAVE_IFR_IFINDEX 1
| #define HAVE_IFCONF 1
| #define HAVE_LIBPTHREAD 1
| #define HAVE_CLOCK_GETTIME 1
| #define HAVE_CLOCK_GETCPUCLOCKID 1
| #define HAVE_CLOCK_MONOTONIC 1
| #define HAVE_ALLOCA_H 1
| #define HAVE_ALLOCA 1
| #define HAVE_GETTIMEOFDAY 1
| #define HAVE_STRERROR 1
| #define HAVE_RANDOM 1
| #define HAVE_INITSTATE 1
| #define HAVE_TCSETATTR 1
| #define HAVE_FLOCK 1
| #define HAVE_SOCKETPAIR 1
| #define HAVE_GETHOSTNAME 1
| #define HAVE_GETHOSTBYNAME 1
| #define HAVE_POLL 1
| #define HAVE_EPOLL_CREATE 1
| #define HAVE_SELECT 1
| #define HAVE_IF_NAMEINDEX 1
| #define HAVE_SIGNAL 1
| #define HAVE_ALARM 1
| #define HAVE_STRNLEN 1
| #define HAVE_GETADDRINFO 1
| #define HAVE_GETNAMEINFO 1
| #define HAVE_FREEADDRINFO 1
| #define HAVE_GAI_STRERROR 1
| #define HAVE_GETIFADDRS 1
| #define HAVE_GETLINE 1
| #define HAVE_GETDELIM 1
| #define HAVE_GETPASS 1
| #define SU_HAVE_POLL 1
| #define HAVE_EPOLL 1
| #define SU_HAVE_IF_NAMEINDEX 1
| #define HAVE_MEMMEM 1
| #define HAVE_MEMCCPY 1
| /* end confdefs.h.  */
| /* Define memcspn to an innocuous variant, in case <limits.h> declares memcspn.
|    For example, HP-UX 11i <limits.h> declares gettimeofday.  */
| #define memcspn innocuous_memcspn
| 
| /* System header to define __stub macros and hopefully few prototypes,
|    which can conflict with char memcspn (); below.  */
| 
| #include <limits.h>
| #undef memcspn
| 
| /* Override any GCC internal prototype to avoid an error.
|    Use char because int might match the return type of a GCC
|    builtin and then its argument prototype would still apply.  */
| #ifdef __cplusplus
| extern "C"
| #endif
| char memcspn ();
| /* The GNU C library defines this for functions which it implements
|     to always fail with ENOSYS.  Some functions are actually named
|     something starting with __ and the normal name is an alias.  */
| #if defined __stub_memcspn || defined __stub___memcspn
| choke me
| #endif
| 
| int
| main (void)
| {
| return memcspn ();
|   ;
|   return 0;
| }
configure:18086: result: no
configure:18086: checking for strtoull
configure:18086: gcc -o conftest   -DSU_DEBUG=0     conftest.c -lpthread  >&5
configure:18086: $? = 0
configure:18086: result: yes
configure:18086: checking for inet_ntop
configure:18086: gcc -o conftest   -DSU_DEBUG=0     conftest.c -lpthread  >&5
configure:18086: $? = 0
configure:18086: result: yes
configure:18086: checking for inet_pton
configure:18086: gcc -o conftest   -DSU_DEBUG=0     conftest.c -lpthread  >&5
configure:18086: $? = 0
configure:18086: result: yes
configure:18086: checking for poll
configure:18086: result: yes
configure:18109: checking whether SIGPIPE is declared
configure:18109: gcc -c   -DSU_DEBUG=0    conftest.c >&5
configure:18109: $? = 0
configure:18109: result: yes
configure:18181: gcc -o conftest   -DSU_DEBUG=0     conftest.c -lpthread  >&5
configure:18181: $? = 0
configure:18181: ./conftest
configure:18181: $? = 0
configure:18292: checking for openssl
configure:18296: result: yes
configure:18300: checking openssl_CFLAGS
configure:18303: result: 
configure:18306: checking openssl_LIBS
configure:18309: result: -lssl -lcrypto
configure:18531: checking for IP_RECVERR
configure:18557: gcc -c   -DSU_DEBUG=0   conftest.c >&5
configure:18557: $? = 0
configure:18565: result: yes
configure:18575: checking for IPV6_RECVERR
configure:18601: gcc -c   -DSU_DEBUG=0   conftest.c >&5
configure:18601: $? = 0
configure:18609: result: yes
configure:18618: checking for netinet/tcp.h
configure:18618: gcc -c   -DSU_DEBUG=0   conftest.c >&5
configure:18618: $? = 0
configure:18618: result: yes
configure:18628: checking for netinet/sctp.h
configure:18628: gcc -c   -DSU_DEBUG=0   conftest.c >&5
conftest.c:153:10: fatal error: netinet/sctp.h: No such file or directory
  153 | #include <netinet/sctp.h>
      |          ^~~~~~~~~~~~~~~~
compilation terminated.
configure:18628: $? = 1
configure: failed program was:
| /* confdefs.h */
| #define PACKAGE_NAME "sofia-sip"
| #define PACKAGE_TARNAME "sofia-sip"
| #define PACKAGE_VERSION "1.13.17"
| #define PACKAGE_STRING "sofia-sip 1.13.17"
| #define PACKAGE_BUGREPORT ""
| #define PACKAGE_URL ""
| #define PACKAGE "sofia-sip"
| #define VERSION "1.13.17"
| #define HAVE_STDIO_H 1
| #define HAVE_STDLIB_H 1
| #define HAVE_STRING_H 1
| #define HAVE_INTTYPES_H 1
| #define HAVE_STDINT_H 1
| #define HAVE_STRINGS_H 1
| #define HAVE_SYS_STAT_H 1
| #define HAVE_SYS_TYPES_H 1
| #define HAVE_UNISTD_H 1
| #define HAVE_WCHAR_H 1
| #define HAVE_SYS_TIME_H 1
| #define STDC_HEADERS 1
| #define _ALL_SOURCE 1
| #define _DARWIN_C_SOURCE 1
| #define _GNU_SOURCE 1
| #define _HPUX_ALT_XOPEN_SOCKET_API 1
| #define _NETBSD_SOURCE 1
| #define _OPENBSD_SOURCE 1
| #define _POSIX_PTHREAD_SEMANTICS 1
| #define __STDC_WANT_IEC_60559_ATTRIBS_EXT__ 1
| #define __STDC_WANT_IEC_60559_BFP_EXT__ 1
| #define __STDC_WANT_IEC_60559_DFP_EXT__ 1
| #define __STDC_WANT_IEC_60559_FUNCS_EXT__ 1
| #define __STDC_WANT_IEC_60559_TYPES_EXT__ 1
| #define __STDC_WANT_LIB_EXT2__ 1
| #define __STDC_WANT_MATH_SPEC_FUNCS__ 1
| #define _TANDEM_SOURCE 1
| #define __EXTENSIONS__ 1
| #define HAVE_DLFCN_H 1
| #define LT_OBJDIR ".libs/"
| #define RETSIGTYPE void
| #define longlong long long
| #define HAVE_C99_FORMAT 1
| #define LLU "%llu"
| #define LLI "%lli"
| #define LLX "%llx"
| #define MOD_ZD "%zd"
| #define MOD_ZU "%zu"
| #define HAVE_INLINE 1
| #define SWITCH_BYTE_ORDER __LITTLE_ENDIAN
| #define HAVE_FUNC 1
| #define HAVE_FUNCTION 1
| #define HAVE_STRUCT_KEYWORDS 1
| #define TIME_WITH_SYS_TIME 1
| #define HAVE_DEV_URANDOM 1
| #define DEV_URANDOM 1
| #define SU_HAVE_SYS_TYPES 1
| #define SU_HAVE_STDINT 1
| #define SU_HAVE_INTTYPES 1
| #define SU_HAVE_PTHREADS 1
| #define su_inline static inline
| #define SU_INLINE inline
| #define SU_HAVE_INLINE 1
| #define SU_INLINE_TAG_CAST 1
| #define SOFIA_ISIZE_T int
| #define ISIZE_MAX INT_MAX
| #define SOFIA_ISSIZE_T int
| #define ISSIZE_MAX INT_MAX
| #define SOFIA_USIZE_T unsigned
| #define USIZE_MAX UINT_MAX
| #define HAVE_FREE_NULL 1
| #define HAVE_SIN6 1
| #define SU_HAVE_IN6 1
| #define HAVE_UNISTD_H 1
| #define HAVE_SYS_TIME_H 1
| #define HAVE_FCNTL_H 1
| #define HAVE_DIRENT_H 1
| #define SU_HAVE_BSDSOCK 1
| #define HAVE_SYS_SOCKET_H 1
| #define HAVE_SYS_IOCTL_H 1
| #define HAVE_SYS_SELECT_H 1
| #define HAVE_SYS_EPOLL_H 1
| #define HAVE_NETINET_IN_H 1
| #define HAVE_ARPA_INET_H 1
| #define HAVE_NETDB_H 1
| #define HAVE_NET_IF_H 1
| #define HAVE_NETPACKET_PACKET_H 1
| #define HAVE_MSG_TRUNC 1
| #define HAVE_SO_RCVBUFFORCE 1
| #define HAVE_SO_SNDBUFFORCE 1
| #define HAVE_IP_ADD_MEMBERSHIP 1
| #define HAVE_IP_MULTICAST_LOOP 1
| #define HAVE_IP_MTU_DISCOVER 1
| #define SU_HAVE_ADDRINFO 1
| #define SU_HAVE_SOCKADDR_STORAGE 1
| #define HAVE_IFR_IFINDEX 1
| #define HAVE_IFCONF 1
| #define HAVE_LIBPTHREAD 1
| #define HAVE_CLOCK_GETTIME 1
| #define HAVE_CLOCK_GETCPUCLOCKID 1
| #define HAVE_CLOCK_MONOTONIC 1
| #define HAVE_ALLOCA_H 1
| #define HAVE_ALLOCA 1
| #define HAVE_GETTIMEOFDAY 1
| #define HAVE_STRERROR 1
| #define HAVE_RANDOM 1
| #define HAVE_INITSTATE 1
| #define HAVE_TCSETATTR 1
| #define HAVE_FLOCK 1
| #define HAVE_SOCKETPAIR 1
| #define HAVE_GETHOSTNAME 1
| #define HAVE_GETHOSTBYNAME 1
| #define HAVE_POLL 1
| #define HAVE_EPOLL_CREATE 1
| #define HAVE_SELECT 1
| #define HAVE_IF_NAMEINDEX 1
| #define HAVE_SIGNAL 1
| #define HAVE_ALARM 1
| #define HAVE_STRNLEN 1
| #define HAVE_GETADDRINFO 1
| #define HAVE_GETNAMEINFO 1
| #define HAVE_FREEADDRINFO 1
| #define HAVE_GAI_STRERROR 1
| #define HAVE_GETIFADDRS 1
| #define HAVE_GETLINE 1
| #define HAVE_GETDELIM 1
| #define HAVE_GETPASS 1
| #define SU_HAVE_POLL 1
| #define HAVE_EPOLL 1
| #define SU_HAVE_IF_NAMEINDEX 1
| #define HAVE_MEMMEM 1
| #define HAVE_MEMCCPY 1
| #define HAVE_STRTOULL 1
| #define HAVE_INET_NTOP 1
| #define HAVE_INET_PTON 1
| #define HAVE_POLL 1
| #define HAVE_SIGPIPE 1
| #define HAVE_POLL_PORT 1
| #define HAVE_PTHREAD_RWLOCK 1
| #define HAVE_PROC_NET_IF_INET6 1
| #define HAVE_LIBCRYPTO 1
| #define HAVE_LIBSSL 1
| #define HAVE_OPENSSL 1
| #define HAVE_TLS 1
| #define HAVE_IP_RECVERR 1
| #define HAVE_IPV6_RECVERR 1
| #define HAVE_NETINET_TCP_H 1
| /* end confdefs.h.  */
| 
| #include <sys/types.h>
| #include <sys/socket.h>
| 
| 
| #include <netinet/sctp.h>
configure:18628: result: no
configure:18716: checking for check >= 0.9.4
configure:18771: checking for fnmatch.h
configure:18771: gcc -c   -DSU_DEBUG=0   conftest.c >&5
configure:18771: $? = 0
configure:18771: result: yes
configure:18779: checking for pthread_setschedparam in -lpthread
configure:18802: gcc -o conftest   -DSU_DEBUG=0     conftest.c -lpthread  -lssl -lcrypto -lpthread  >&5
configure:18802: $? = 0
configure:18812: result: yes
configure:18821: checking for compress in -lz
configure:18844: gcc -o conftest   -DSU_DEBUG=0     conftest.c -lz  -lssl -lcrypto -lpthread  >&5
configure:18844: $? = 0
configure:18854: result: yes
configure:18877: checking for dlopen in -ldl
configure:18900: gcc -o conftest   -DSU_DEBUG=0     conftest.c -ldl  -lssl -lcrypto -lpthread  >&5
configure:18900: $? = 0
configure:18910: result: yes
configure:19150: checking that generated files are newer than configure
configure:19156: result: done
configure:19244: creating ./config.status

## ---------------------- ##
## Running config.status. ##
## ---------------------- ##

This file was extended by sofia-sip config.status 1.13.17, which was
generated by GNU Autoconf 2.71.  Invocation command line was

  CONFIG_FILES    = 
  CONFIG_HEADERS  = 
  CONFIG_LINKS    = 
  CONFIG_COMMANDS = 
  $ ./config.status 

on vps.6xcom.com

config.status:1346: creating Makefile
config.status:1346: creating packages/Makefile
config.status:1346: creating packages/sofia-sip-ua.pc
config.status:1346: creating packages/sofia-sip-ua-glib.pc
config.status:1346: creating libsofia-sip-ua/Makefile
config.status:1346: creating libsofia-sip-ua/bnf/Makefile
config.status:1346: creating libsofia-sip-ua/bnf/Doxyfile
config.status:1346: creating libsofia-sip-ua/docs/Makefile
config.status:1346: creating libsofia-sip-ua/docs/Doxyfile
config.status:1346: creating libsofia-sip-ua/docs/Doxyfile.version
config.status:1346: creating libsofia-sip-ua/docs/sofia-footer.html
config.status:1346: creating libsofia-sip-ua/features/Doxyfile
config.status:1346: creating libsofia-sip-ua/features/Makefile
config.status:1346: creating libsofia-sip-ua/http/Doxyfile
config.status:1346: creating libsofia-sip-ua/http/Makefile
config.status:1346: creating libsofia-sip-ua/ipt/Doxyfile
config.status:1346: creating libsofia-sip-ua/ipt/Makefile
config.status:1346: creating libsofia-sip-ua/iptsec/Doxyfile
config.status:1346: creating libsofia-sip-ua/iptsec/Makefile
config.status:1346: creating libsofia-sip-ua/msg/Doxyfile
config.status:1346: creating libsofia-sip-ua/msg/Makefile
config.status:1346: creating libsofia-sip-ua/nea/Doxyfile
config.status:1346: creating libsofia-sip-ua/nea/Makefile
config.status:1346: creating libsofia-sip-ua/nta/Doxyfile
config.status:1346: creating libsofia-sip-ua/nta/Makefile
config.status:1346: creating libsofia-sip-ua/nth/Doxyfile
config.status:1346: creating libsofia-sip-ua/nth/Makefile
config.status:1346: creating libsofia-sip-ua/nua/Doxyfile
config.status:1346: creating libsofia-sip-ua/nua/Makefile
config.status:1346: creating libsofia-sip-ua/sdp/Doxyfile
config.status:1346: creating libsofia-sip-ua/sdp/Makefile
config.status:1346: creating libsofia-sip-ua/sip/Doxyfile
config.status:1346: creating libsofia-sip-ua/sip/Makefile
config.status:1346: creating libsofia-sip-ua/soa/Doxyfile
config.status:1346: creating libsofia-sip-ua/soa/Makefile
config.status:1346: creating libsofia-sip-ua/sresolv/Doxyfile
config.status:1346: creating libsofia-sip-ua/sresolv/Makefile
config.status:1346: creating libsofia-sip-ua/stun/Doxyfile
config.status:1346: creating libsofia-sip-ua/stun/Makefile
config.status:1346: creating libsofia-sip-ua/su/Doxyfile
config.status:1346: creating libsofia-sip-ua/su/Makefile
config.status:1346: creating libsofia-sip-ua/tport/Doxyfile
config.status:1346: creating libsofia-sip-ua/tport/Makefile
config.status:1346: creating libsofia-sip-ua/url/Doxyfile
config.status:1346: creating libsofia-sip-ua/url/Makefile
config.status:1346: creating libsofia-sip-ua/features/sofia-sip/sofia_features.h
config.status:1346: creating s2check/Makefile
config.status:1346: creating libsofia-sip-ua-glib/Makefile
config.status:1346: creating libsofia-sip-ua-glib/su-glib/Makefile
config.status:1346: creating libsofia-sip-ua-glib/su-glib/Doxyfile
config.status:1346: creating utils/Makefile
config.status:1346: creating utils/Doxyfile
config.status:1346: creating tests/Makefile
config.status:1346: creating win32/Makefile
config.status:1346: creating win32/config.h
config.status:1346: creating open_c/Makefile
config.status:1346: creating open_c/config.h
config.status:1346: creating packages/sofia-sip-1.13.17.spec
config.status:1346: creating config.h
config.status:1346: creating libsofia-sip-ua/su/sofia-sip/su_configure.h
config.status:1575: executing depfiles commands
config.status:1652: cd libsofia-sip-ua/bnf       && sed -e '/# am--include-marker/d' Makefile         | make -f - am--depfiles
config.status:1657: $? = 0
config.status:1652: cd libsofia-sip-ua/features       && sed -e '/# am--include-marker/d' Makefile         | make -f - am--depfiles
config.status:1657: $? = 0
config.status:1652: cd libsofia-sip-ua/http       && sed -e '/# am--include-marker/d' Makefile         | make -f - am--depfiles
config.status:1657: $? = 0
config.status:1652: cd libsofia-sip-ua/ipt       && sed -e '/# am--include-marker/d' Makefile         | make -f - am--depfiles
config.status:1657: $? = 0
config.status:1652: cd libsofia-sip-ua/iptsec       && sed -e '/# am--include-marker/d' Makefile         | make -f - am--depfiles
config.status:1657: $? = 0
config.status:1652: cd libsofia-sip-ua/msg       && sed -e '/# am--include-marker/d' Makefile         | make -f - am--depfiles
config.status:1657: $? = 0
config.status:1652: cd libsofia-sip-ua/nea       && sed -e '/# am--include-marker/d' Makefile         | make -f - am--depfiles
config.status:1657: $? = 0
config.status:1652: cd libsofia-sip-ua/nta       && sed -e '/# am--include-marker/d' Makefile         | make -f - am--depfiles
config.status:1657: $? = 0
config.status:1652: cd libsofia-sip-ua/nth       && sed -e '/# am--include-marker/d' Makefile         | make -f - am--depfiles
config.status:1657: $? = 0
config.status:1652: cd libsofia-sip-ua/nua       && sed -e '/# am--include-marker/d' Makefile         | make -f - am--depfiles
config.status:1657: $? = 0
config.status:1652: cd libsofia-sip-ua/sdp       && sed -e '/# am--include-marker/d' Makefile         | make -f - am--depfiles
config.status:1657: $? = 0
config.status:1652: cd libsofia-sip-ua/sip       && sed -e '/# am--include-marker/d' Makefile         | make -f - am--depfiles
config.status:1657: $? = 0
config.status:1652: cd libsofia-sip-ua/soa       && sed -e '/# am--include-marker/d' Makefile         | make -f - am--depfiles
config.status:1657: $? = 0
config.status:1652: cd libsofia-sip-ua/sresolv       && sed -e '/# am--include-marker/d' Makefile         | make -f - am--depfiles
config.status:1657: $? = 0
config.status:1652: cd libsofia-sip-ua/stun       && sed -e '/# am--include-marker/d' Makefile         | make -f - am--depfiles
config.status:1657: $? = 0
config.status:1652: cd libsofia-sip-ua/su       && sed -e '/# am--include-marker/d' Makefile         | make -f - am--depfiles
config.status:1657: $? = 0
config.status:1652: cd libsofia-sip-ua/tport       && sed -e '/# am--include-marker/d' Makefile         | make -f - am--depfiles
config.status:1657: $? = 0
config.status:1652: cd libsofia-sip-ua/url       && sed -e '/# am--include-marker/d' Makefile         | make -f - am--depfiles
config.status:1657: $? = 0
config.status:1652: cd s2check       && sed -e '/# am--include-marker/d' Makefile         | make -f - am--depfiles
config.status:1657: $? = 0
config.status:1652: cd libsofia-sip-ua-glib/su-glib       && sed -e '/# am--include-marker/d' Makefile         | make -f - am--depfiles
config.status:1657: $? = 0
config.status:1652: cd utils       && sed -e '/# am--include-marker/d' Makefile         | make -f - am--depfiles
config.status:1657: $? = 0
config.status:1652: cd tests       && sed -e '/# am--include-marker/d' Makefile         | make -f - am--depfiles
config.status:1657: $? = 0
config.status:1575: executing libtool commands
config.status:1575: executing version commands

## ---------------- ##
## Cache variables. ##
## ---------------- ##

ac_cv_build=x86_64-pc-linux-gnu
ac_cv_c_bigendian=no
ac_cv_c_c99_format=yes
ac_cv_c_compiler_gnu=yes
ac_cv_c_const=yes
ac_cv_c_inline=inline
ac_cv_c_keyword_struct=yes
ac_cv_c_macro_function=yes
ac_cv_c_undeclared_builtin_options='none needed'
ac_cv_c_var_func=yes
ac_cv_cwflag=-Wall
ac_cv_dev_urandom=yes
ac_cv_env_CC_set=
ac_cv_env_CC_value=
ac_cv_env_CFLAGS_set=
ac_cv_env_CFLAGS_value=
ac_cv_env_CPPFLAGS_set=
ac_cv_env_CPPFLAGS_value=
ac_cv_env_CPP_set=
ac_cv_env_CPP_value=
ac_cv_env_LDFLAGS_set=
ac_cv_env_LDFLAGS_value=
ac_cv_env_LIBS_set=
ac_cv_env_LIBS_value=
ac_cv_env_LT_SYS_LIBRARY_PATH_set=
ac_cv_env_LT_SYS_LIBRARY_PATH_value=
ac_cv_env_SOFIA_CFLAGS_set=
ac_cv_env_SOFIA_CFLAGS_value=
ac_cv_env_SOFIA_GLIB_CFLAGS_set=
ac_cv_env_SOFIA_GLIB_CFLAGS_value=
ac_cv_env_build_alias_set=
ac_cv_env_build_alias_value=
ac_cv_env_host_alias_set=
ac_cv_env_host_alias_value=
ac_cv_env_target_alias_set=
ac_cv_env_target_alias_value=
ac_cv_free_null=yes
ac_cv_func_alarm=yes
ac_cv_func_alloca_works=yes
ac_cv_func_clock_getcpuclockid=yes
ac_cv_func_clock_gettime=yes
ac_cv_func_epoll_create=yes
ac_cv_func_flock=yes
ac_cv_func_freeaddrinfo=yes
ac_cv_func_gai_strerror=yes
ac_cv_func_getaddrinfo=yes
ac_cv_func_getdelim=yes
ac_cv_func_gethostbyname=yes
ac_cv_func_gethostname=yes
ac_cv_func_getifaddrs=yes
ac_cv_func_getipnodebyname=no
ac_cv_func_getline=yes
ac_cv_func_getnameinfo=yes
ac_cv_func_getpass=yes
ac_cv_func_gettimeofday=yes
ac_cv_func_if_nameindex=yes
ac_cv_func_inet_ntop=yes
ac_cv_func_inet_pton=yes
ac_cv_func_initstate=yes
ac_cv_func_kqueue=no
ac_cv_func_memccpy=yes
ac_cv_func_memcspn=no
ac_cv_func_memmem=yes
ac_cv_func_memspn=no
ac_cv_func_poll=yes
ac_cv_func_random=yes
ac_cv_func_select=yes
ac_cv_func_signal=yes
ac_cv_func_socketpair=yes
ac_cv_func_strerror=yes
ac_cv_func_strnlen=yes
ac_cv_func_strtoull=yes
ac_cv_func_tcsetattr=yes
ac_cv_have_decl_CLOCK_MONOTONIC=yes
ac_cv_have_decl_IP_ADD_MEMBERSHIP=yes
ac_cv_have_decl_IP_MTU_DISCOVER=yes
ac_cv_have_decl_IP_MULTICAST_LOOP=yes
ac_cv_have_decl_MSG_TRUNC=yes
ac_cv_have_decl_SIGPIPE=yes
ac_cv_have_decl_SO_RCVBUFFORCE=yes
ac_cv_have_decl_SO_SNDBUFFORCE=yes
ac_cv_header_arpa_inet_h=yes
ac_cv_header_dirent_h=yes
ac_cv_header_dlfcn_h=yes
ac_cv_header_fcntl_h=yes
ac_cv_header_fnmatch_h=yes
ac_cv_header_ifaddr_h=no
ac_cv_header_inttypes_h=yes
ac_cv_header_minix_config_h=no
ac_cv_header_net_if_h=yes
ac_cv_header_net_if_types_h=no
ac_cv_header_netdb_h=yes
ac_cv_header_netinet_in_h=yes
ac_cv_header_netinet_sctp_h=no
ac_cv_header_netinet_tcp_h=yes
ac_cv_header_netpacket_packet_h=yes
ac_cv_header_pthread_h=yes
ac_cv_header_stdint_h=yes
ac_cv_header_stdio_h=yes
ac_cv_header_stdlib_h=yes
ac_cv_header_string_h=yes
ac_cv_header_strings_h=yes
ac_cv_header_sys_devpoll_h=no
ac_cv_header_sys_epoll_h=yes
ac_cv_header_sys_filio_h=no
ac_cv_header_sys_ioctl_h=yes
ac_cv_header_sys_select_h=yes
ac_cv_header_sys_socket_h=yes
ac_cv_header_sys_sockio_h=no
ac_cv_header_sys_stat_h=yes
ac_cv_header_sys_time_h=yes
ac_cv_header_sys_types_h=yes
ac_cv_header_unistd_h=yes
ac_cv_header_wchar_h=yes
ac_cv_header_winsock2_h=no
ac_cv_host=x86_64-pc-linux-gnu
ac_cv_hostcheck=x86_64-pc-linux-gnu
ac_cv_ioctl_siocgifnum='sys/sockio.h missing'
ac_cv_lib_dl_dlopen=yes
ac_cv_lib_pthread_pthread_create=yes
ac_cv_lib_pthread_pthread_setschedparam=yes
ac_cv_lib_socket_socketpair=no
ac_cv_lib_z_compress=yes
ac_cv_objext=o
ac_cv_path_EGREP='/usr/bin/grep -E'
ac_cv_path_FGREP='/usr/bin/grep -F'
ac_cv_path_GREP=/usr/bin/grep
ac_cv_path_PKG_CONFIG=/usr/bin/pkg-config
ac_cv_path_SED=/usr/bin/sed
ac_cv_path_install='/usr/bin/install -c'
ac_cv_path_lt_DD=/usr/bin/dd
ac_cv_path_mkdir=/usr/bin/mkdir
ac_cv_prog_AWK=gawk
ac_cv_prog_CPP='gcc -E'
ac_cv_prog_DOXYGEN=echo
ac_cv_prog_ETAGS=etags
ac_cv_prog_ac_ct_AR=ar
ac_cv_prog_ac_ct_CC=gcc
ac_cv_prog_ac_ct_LD=ld
ac_cv_prog_ac_ct_MANIFEST_TOOL=mt
ac_cv_prog_ac_ct_OBJDUMP=objdump
ac_cv_prog_ac_ct_RANLIB=ranlib
ac_cv_prog_ac_ct_STRIP=strip
ac_cv_prog_cc_c11=
ac_cv_prog_cc_g=yes
ac_cv_prog_cc_stdc=
ac_cv_prog_make_make_set=yes
ac_cv_sa_len=no
ac_cv_safe_to_define___extensions__=yes
ac_cv_search_clock_gettime='none required'
ac_cv_search_getaddrinfo='none required'
ac_cv_search_gethostbyname='none required'
ac_cv_search_getipnodebyname=no
ac_cv_search_inet_ntop='none required'
ac_cv_search_socket='none required'
ac_cv_should_define__xopen_source=no
ac_cv_sin6=yes
ac_cv_struct_addrinfo=yes
ac_cv_struct_ifconf=yes
ac_cv_struct_ifreq_ifr_ifindex=yes
ac_cv_struct_ifreq_ifr_index=no
ac_cv_struct_sockaddr_storage=yes
ac_cv_sys_ip_recverr=yes
ac_cv_sys_ipv6_recverr=yes
ac_cv_tagstack=no
ac_cv_target=x86_64-pc-linux-gnu
ac_cv_type_long_long=yes
ac_cv_type_signal=void
ac_cv_type_size_t=yes
ac_cv_working_alloca_h=yes
am_cv_CC_dependencies_compiler_type=gcc3
am_cv_make_support_nested_variables=yes
am_cv_prog_cc_c_o=yes
ax_cv_c_compiler_vendor=gnu
lt_cv_ar_at_file=@
lt_cv_archive_cmds_need_lc=no
lt_cv_deplibs_check_method=pass_all
lt_cv_file_magic_cmd='$MAGIC_CMD'
lt_cv_file_magic_test_file=
lt_cv_ld_reload_flag=-r
lt_cv_nm_interface='BSD nm'
lt_cv_objdir=.libs
lt_cv_path_LD=ld
lt_cv_path_NM='/usr/bin/nm -B'
lt_cv_path_mainfest_tool=no
lt_cv_prog_compiler_c_o=yes
lt_cv_prog_compiler_pic='-fPIC -DPIC'
lt_cv_prog_compiler_pic_works=yes
lt_cv_prog_compiler_rtti_exceptions=no
lt_cv_prog_compiler_static_works=yes
lt_cv_prog_gnu_ld=yes
lt_cv_sharedlib_from_linklib_cmd='printf %s\n'
lt_cv_shlibpath_overrides_runpath=yes
lt_cv_sys_global_symbol_pipe='sed -n -e '\''s/^.*[	 ]\([ABCDGIRSTW][ABCDGIRSTW]*\)[	 ][	 ]*\([_A-Za-z][_A-Za-z0-9]*\)$/\1 \2 \2/p'\'' | sed '\''/ __gnu_lto/d'\'''
lt_cv_sys_global_symbol_to_c_name_address='sed -n -e '\''s/^: \(.*\) .*$/  {"\1", (void *) 0},/p'\'' -e '\''s/^[ABCDGIRSTW][ABCDGIRSTW]* .* \(.*\)$/  {"\1", (void *) \&\1},/p'\'''
lt_cv_sys_global_symbol_to_c_name_address_lib_prefix='sed -n -e '\''s/^: \(.*\) .*$/  {"\1", (void *) 0},/p'\'' -e '\''s/^[ABCDGIRSTW][ABCDGIRSTW]* .* \(lib.*\)$/  {"\1", (void *) \&\1},/p'\'' -e '\''s/^[ABCDGIRSTW][ABCDGIRSTW]* .* \(.*\)$/  {"lib\1", (void *) \&\1},/p'\'''
lt_cv_sys_global_symbol_to_cdecl='sed -n -e '\''s/^T .* \(.*\)$/extern int \1();/p'\'' -e '\''s/^[ABCDGIRSTW][ABCDGIRSTW]* .* \(.*\)$/extern char \1;/p'\'''
lt_cv_sys_global_symbol_to_import=
lt_cv_sys_max_cmd_len=1572864
lt_cv_to_host_file_cmd=func_convert_file_noop
lt_cv_to_tool_file_cmd=func_convert_file_noop
lt_cv_truncate_bin='/usr/bin/dd bs=4096 count=1'

## ----------------- ##
## Output variables. ##
## ----------------- ##

ACLOCAL='${SHELL} '\''/var/www/html/portal/build/sofia-sip/missing'\'' aclocal-1.16'
ACLOCAL_AMFLAGS='-I m4'
ALLOCA=''
AMDEPBACKSLASH='\'
AMDEP_FALSE='#'
AMDEP_TRUE=''
AMTAR='$${TAR-tar}'
AM_BACKSLASH='\'
AM_DEFAULT_V='$(AM_DEFAULT_VERBOSITY)'
AM_DEFAULT_VERBOSITY='1'
AM_V='$(V)'
AR='ar'
AUTOCONF='${SHELL} '\''/var/www/html/portal/build/sofia-sip/missing'\'' autoconf'
AUTOHEADER='${SHELL} '\''/var/www/html/portal/build/sofia-sip/missing'\'' autoheader'
AUTOMAKE='${SHELL} '\''/var/www/html/portal/build/sofia-sip/missing'\'' automake-1.16'
AWK='gawk'
CC='gcc'
CCDEPMODE='depmode=gcc3'
CFLAGS='  -DSU_DEBUG=0 '
CHECK_CFLAGS=''
CHECK_LIBS=''
COREFOUNDATION_FALSE=''
COREFOUNDATION_TRUE='#'
COVERAGE_FLAGS=''
CPP='gcc -E'
CPPFLAGS=''
CSCOPE='cscope'
CTAGS='ctags'
CWFLAG='-Wall'
CYGPATH_W='echo'
DEFS='-DHAVE_CONFIG_H'
DEPDIR='.deps'
DLLTOOL='false'
DOXYGEN='echo'
DSYMUTIL=''
DUMPBIN=''
ECHO_C=''
ECHO_N='-n'
ECHO_T=''
EGREP='/usr/bin/grep -E'
ENABLE_COVERAGE_FALSE=''
ENABLE_COVERAGE_TRUE='#'
ETAGS='etags'
EXEEXT=''
EXPENSIVE_CHECKS_FALSE=''
EXPENSIVE_CHECKS_TRUE='#'
FGREP='/usr/bin/grep -F'
GCOV=''
GENHTML=''
GENPNG=''
GLIB_CFLAGS='-I/usr/include/glib-2.0 -I/usr/lib/x86_64-linux-gnu/glib-2.0/include'
GLIB_LIBS='-lglib-2.0'
GLIB_VERSION=''
GREP='/usr/bin/grep'
HAVE_CHECK_FALSE=''
HAVE_CHECK_TRUE='#'
HAVE_DOXYGEN_FALSE=''
HAVE_DOXYGEN_TRUE='#'
HAVE_GENPNG_FALSE='#'
HAVE_GENPNG_TRUE=''
HAVE_GLIB_FALSE='#'
HAVE_GLIB_TRUE=''
HAVE_LCOV_FALSE='#'
HAVE_LCOV_TRUE=''
HAVE_MINGW32_FALSE=''
HAVE_MINGW32_TRUE='#'
HAVE_NTH_FALSE='#'
HAVE_NTH_TRUE=''
HAVE_NTLM_FALSE=''
HAVE_NTLM_TRUE='#'
HAVE_STUN_FALSE='#'
HAVE_STUN_TRUE=''
HAVE_TLS_FALSE='#'
HAVE_TLS_TRUE=''
HAVE_ZLIB_FALSE='#'
HAVE_ZLIB_TRUE=''
INSTALL_DATA='${INSTALL} -m 644'
INSTALL_PROGRAM='${INSTALL}'
INSTALL_SCRIPT='${INSTALL}'
INSTALL_STRIP_PROGRAM='$(install_sh) -c -s'
LCOV=''
LD='ld -m elf_x86_64'
LDFLAGS=' '
LIBOBJS=''
LIBS='-lssl -lcrypto -lpthread '
LIBTOOL='$(SHELL) $(top_builddir)/libtool'
LIBVER_SOFIA_SIP_UA_AGE='6'
LIBVER_SOFIA_SIP_UA_CUR='6'
LIBVER_SOFIA_SIP_UA_GLIB_AGE='0'
LIBVER_SOFIA_SIP_UA_GLIB_CUR='3'
LIBVER_SOFIA_SIP_UA_GLIB_REV='0'
LIBVER_SOFIA_SIP_UA_GLIB_SOVER='3'
LIBVER_SOFIA_SIP_UA_REV='0'
LIBVER_SOFIA_SIP_UA_SOVER='0'
LIPO=''
LN_S='ln -s'
LTLIBOBJS=''
LT_SYS_LIBRARY_PATH=''
MAKEINFO='${SHELL} '\''/var/www/html/portal/build/sofia-sip/missing'\'' makeinfo'
MANIFEST_TOOL=':'
MINGW_ENVIRONMENT=''
MKDIR_P='/usr/bin/mkdir -p'
MOSTLYCLEANFILES='*.bb *.bbg *.da *.gcov *.gcda *.gcno'
NDEBUG_FALSE=''
NDEBUG_TRUE='#'
NM='/usr/bin/nm -B'
NMEDIT=''
OBJDUMP='objdump'
OBJEXT='o'
OTOOL64=''
OTOOL=''
PACKAGE='sofia-sip'
PACKAGE_BUGREPORT=''
PACKAGE_NAME='sofia-sip'
PACKAGE_STRING='sofia-sip 1.13.17'
PACKAGE_TARNAME='sofia-sip'
PACKAGE_URL=''
PACKAGE_VERSION='1.13.17'
PATH_SEPARATOR=':'
PKG_CONFIG='/usr/bin/pkg-config'
RANLIB='ranlib'
REPLACE_LIBADD=' memspn.lo memcspn.lo'
SED='/usr/bin/sed'
SET_MAKE=''
SHELL='/bin/bash'
SOFIA_CFLAGS=''
SOFIA_GLIB_CFLAGS=''
SOFIA_GLIB_PKG_REQUIRES='glib-2.0'
SOFIA_PLAT_CFLAGS=''
STRIP='strip'
TESTS_ENVIRONMENT=''
VERSION='1.13.17'
VER_LIBSOFIA_SIP_UA_MAJOR_MINOR='1.13'
ac_ct_AR='ar'
ac_ct_CC='gcc'
ac_ct_DUMPBIN=''
am__EXEEXT_FALSE=''
am__EXEEXT_TRUE='#'
am__fastdepCC_FALSE='#'
am__fastdepCC_TRUE=''
am__include='include'
am__isrc=''
am__leading_dot='.'
am__nodep='_no'
am__quote=''
am__tar='$${TAR-tar} chof - "$$tardir"'
am__untar='$${TAR-tar} xf -'
bindir='${exec_prefix}/bin'
build='x86_64-pc-linux-gnu'
build_alias=''
build_cpu='x86_64'
build_os='linux-gnu'
build_vendor='pc'
datadir='${datarootdir}'
datarootdir='${prefix}/share'
docdir='${datarootdir}/doc/${PACKAGE_TARNAME}'
dvidir='${docdir}'
exec_prefix='${prefix}'
host='x86_64-pc-linux-gnu'
host_alias=''
host_cpu='x86_64'
host_os='linux-gnu'
host_vendor='pc'
htmldir='${docdir}'
include_sofiadir='${includedir}/sofia-sip-1.13'
includedir='${prefix}/include'
infodir='${datarootdir}/info'
install_sh='${SHELL} /var/www/html/portal/build/sofia-sip/install-sh'
libdir='${exec_prefix}/lib'
libexecdir='${exec_prefix}/libexec'
localedir='${datarootdir}/locale'
localstatedir='${prefix}/var'
mandir='${datarootdir}/man'
mkdir_p='$(MKDIR_P)'
oldincludedir='/usr/include'
openssl_CFLAGS=''
openssl_LIBS='-lssl -lcrypto'
pdfdir='${docdir}'
prefix='/usr/local'
program_transform_name='s,x,x,'
psdir='${docdir}'
runstatedir='${localstatedir}/run'
sbindir='${exec_prefix}/sbin'
sharedstatedir='${prefix}/com'
sysconfdir='${prefix}/etc'
target='x86_64-pc-linux-gnu'
target_alias=''
target_cpu='x86_64'
target_os='linux-gnu'
target_vendor='pc'

## ----------- ##
## confdefs.h. ##
## ----------- ##

/* confdefs.h */
#define PACKAGE_NAME "sofia-sip"
#define PACKAGE_TARNAME "sofia-sip"
#define PACKAGE_VERSION "1.13.17"
#define PACKAGE_STRING "sofia-sip 1.13.17"
#define PACKAGE_BUGREPORT ""
#define PACKAGE_URL ""
#define PACKAGE "sofia-sip"
#define VERSION "1.13.17"
#define HAVE_STDIO_H 1
#define HAVE_STDLIB_H 1
#define HAVE_STRING_H 1
#define HAVE_INTTYPES_H 1
#define HAVE_STDINT_H 1
#define HAVE_STRINGS_H 1
#define HAVE_SYS_STAT_H 1
#define HAVE_SYS_TYPES_H 1
#define HAVE_UNISTD_H 1
#define HAVE_WCHAR_H 1
#define HAVE_SYS_TIME_H 1
#define STDC_HEADERS 1
#define _ALL_SOURCE 1
#define _DARWIN_C_SOURCE 1
#define _GNU_SOURCE 1
#define _HPUX_ALT_XOPEN_SOCKET_API 1
#define _NETBSD_SOURCE 1
#define _OPENBSD_SOURCE 1
#define _POSIX_PTHREAD_SEMANTICS 1
#define __STDC_WANT_IEC_60559_ATTRIBS_EXT__ 1
#define __STDC_WANT_IEC_60559_BFP_EXT__ 1
#define __STDC_WANT_IEC_60559_DFP_EXT__ 1
#define __STDC_WANT_IEC_60559_FUNCS_EXT__ 1
#define __STDC_WANT_IEC_60559_TYPES_EXT__ 1
#define __STDC_WANT_LIB_EXT2__ 1
#define __STDC_WANT_MATH_SPEC_FUNCS__ 1
#define _TANDEM_SOURCE 1
#define __EXTENSIONS__ 1
#define HAVE_DLFCN_H 1
#define LT_OBJDIR ".libs/"
#define RETSIGTYPE void
#define longlong long long
#define HAVE_C99_FORMAT 1
#define LLU "%llu"
#define LLI "%lli"
#define LLX "%llx"
#define MOD_ZD "%zd"
#define MOD_ZU "%zu"
#define HAVE_INLINE 1
#define SWITCH_BYTE_ORDER __LITTLE_ENDIAN
#define HAVE_FUNC 1
#define HAVE_FUNCTION 1
#define HAVE_STRUCT_KEYWORDS 1
#define TIME_WITH_SYS_TIME 1
#define HAVE_DEV_URANDOM 1
#define DEV_URANDOM 1
#define SU_HAVE_SYS_TYPES 1
#define SU_HAVE_STDINT 1
#define SU_HAVE_INTTYPES 1
#define SU_HAVE_PTHREADS 1
#define su_inline static inline
#define SU_INLINE inline
#define SU_HAVE_INLINE 1
#define SU_INLINE_TAG_CAST 1
#define SOFIA_ISIZE_T int
#define ISIZE_MAX INT_MAX
#define SOFIA_ISSIZE_T int
#define ISSIZE_MAX INT_MAX
#define SOFIA_USIZE_T unsigned
#define USIZE_MAX UINT_MAX
#define HAVE_FREE_NULL 1
#define HAVE_SIN6 1
#define SU_HAVE_IN6 1
#define HAVE_UNISTD_H 1
#define HAVE_SYS_TIME_H 1
#define HAVE_FCNTL_H 1
#define HAVE_DIRENT_H 1
#define SU_HAVE_BSDSOCK 1
#define HAVE_SYS_SOCKET_H 1
#define HAVE_SYS_IOCTL_H 1
#define HAVE_SYS_SELECT_H 1
#define HAVE_SYS_EPOLL_H 1
#define HAVE_NETINET_IN_H 1
#define HAVE_ARPA_INET_H 1
#define HAVE_NETDB_H 1
#define HAVE_NET_IF_H 1
#define HAVE_NETPACKET_PACKET_H 1
#define HAVE_MSG_TRUNC 1
#define HAVE_SO_RCVBUFFORCE 1
#define HAVE_SO_SNDBUFFORCE 1
#define HAVE_IP_ADD_MEMBERSHIP 1
#define HAVE_IP_MULTICAST_LOOP 1
#define HAVE_IP_MTU_DISCOVER 1
#define SU_HAVE_ADDRINFO 1
#define SU_HAVE_SOCKADDR_STORAGE 1
#define HAVE_IFR_IFINDEX 1
#define HAVE_IFCONF 1
#define HAVE_LIBPTHREAD 1
#define HAVE_CLOCK_GETTIME 1
#define HAVE_CLOCK_GETCPUCLOCKID 1
#define HAVE_CLOCK_MONOTONIC 1
#define HAVE_ALLOCA_H 1
#define HAVE_ALLOCA 1
#define HAVE_GETTIMEOFDAY 1
#define HAVE_STRERROR 1
#define HAVE_RANDOM 1
#define HAVE_INITSTATE 1
#define HAVE_TCSETATTR 1
#define HAVE_FLOCK 1
#define HAVE_SOCKETPAIR 1
#define HAVE_GETHOSTNAME 1
#define HAVE_GETHOSTBYNAME 1
#define HAVE_POLL 1
#define HAVE_EPOLL_CREATE 1
#define HAVE_SELECT 1
#define HAVE_IF_NAMEINDEX 1
#define HAVE_SIGNAL 1
#define HAVE_ALARM 1
#define HAVE_STRNLEN 1
#define HAVE_GETADDRINFO 1
#define HAVE_GETNAMEINFO 1
#define HAVE_FREEADDRINFO 1
#define HAVE_GAI_STRERROR 1
#define HAVE_GETIFADDRS 1
#define HAVE_GETLINE 1
#define HAVE_GETDELIM 1
#define HAVE_GETPASS 1
#define SU_HAVE_POLL 1
#define HAVE_EPOLL 1
#define SU_HAVE_IF_NAMEINDEX 1
#define HAVE_MEMMEM 1
#define HAVE_MEMCCPY 1
#define HAVE_STRTOULL 1
#define HAVE_INET_NTOP 1
#define HAVE_INET_PTON 1
#define HAVE_POLL 1
#define HAVE_SIGPIPE 1
#define HAVE_POLL_PORT 1
#define HAVE_PTHREAD_RWLOCK 1
#define HAVE_PROC_NET_IF_INET6 1
#define HAVE_LIBCRYPTO 1
#define HAVE_LIBSSL 1
#define HAVE_OPENSSL 1
#define HAVE_TLS 1
#define HAVE_IP_RECVERR 1
#define HAVE_IPV6_RECVERR 1
#define HAVE_NETINET_TCP_H 1
#define HAVE_FNMATCH_H 1
#define HAVE_PTHREAD_SETSCHEDPARAM 1
#define HAVE_ZLIB_COMPRESS 1
#define HAVE_LIBDL 1
#define HAVE_SOFIA_SIP 1
#define HAVE_SOFIA_SRESOLV 1
#define HAVE_SOFIA_SMIME 0
#define HAVE_SOFIA_STUN 1
#define HAVE_SOFIA_NTH 1
#define HAVE_SOFIA_HTTP 1
#define HAVE_SRTP 0
#define HAVE_UPNP 0

configure: exit 0
