This file contains any messages produced by compilers while
running configure, to aid debugging if configure makes a mistake.

It was created by spandsp configure 3.0.0, which was
generated by GNU Autoconf 2.71.  Invocation command line was

  $ ./configure

## --------- ##
## Platform. ##
## --------- ##

hostname = demo
uname -m = x86_64
uname -r = 6.8.0-90-generic
uname -s = Linux
uname -v = #91-Ubuntu SMP PREEMPT_DYNAMIC Tue Nov 18 14:14:30 UTC 2025

/usr/bin/uname -p = x86_64
/bin/uname -X     = unknown

/bin/arch              = x86_64
/usr/bin/arch -k       = unknown
/usr/convex/getsysinfo = unknown
/usr/bin/hostinfo      = unknown
/bin/machine           = unknown
/usr/bin/oslevel       = unknown
/bin/universe          = unknown

PATH: /usr/local/sbin/
PATH: /usr/local/bin/
PATH: /usr/sbin/
PATH: /usr/bin/
PATH: /sbin/
PATH: /bin/
PATH: /usr/games/
PATH: /usr/local/games/
PATH: /snap/bin/


## ----------- ##
## Core tests. ##
## ----------- ##

configure:2973: looking for aux files: ltmain.sh compile config.guess config.sub missing install-sh
configure:2986:  trying ./config/
configure:3015:   ./config/ltmain.sh found
configure:3015:   ./config/compile found
configure:3015:   ./config/config.guess found
configure:3015:   ./config/config.sub found
configure:3015:   ./config/missing found
configure:2997:   ./config/install-sh found
configure:3408: checking for a BSD-compatible install
configure:3481: result: /usr/bin/install -c
configure:3492: checking whether build environment is sane
configure:3547: result: yes
configure:3706: checking for a race-free mkdir -p
configure:3750: result: /usr/bin/mkdir -p
configure:3757: checking for gawk
configure:3778: found /usr/bin/gawk
configure:3789: result: gawk
configure:3800: checking whether make sets $(MAKE)
configure:3823: result: yes
configure:3853: checking whether make supports nested variables
configure:3871: result: yes
configure:4014: checking build system type
configure:4029: result: x86_64-pc-linux-gnu
configure:4049: checking host system type
configure:4063: result: x86_64-pc-linux-gnu
configure:4146: checking for gcc
configure:4167: found /usr/bin/gcc
configure:4178: result: gcc
configure:4531: checking for C compiler version
configure:4540: gcc --version >&5
gcc (Ubuntu 13.3.0-6ubuntu2~24.04) 13.3.0
Copyright (C) 2023 Free Software Foundation, Inc.
This is free software; see the source for copying conditions.  There is NO
warranty; not even for MERCHANTABILITY or FITNESS FOR A PARTICULAR PURPOSE.

configure:4551: $? = 0
configure:4540: gcc -v >&5
Using built-in specs.
COLLECT_GCC=gcc
COLLECT_LTO_WRAPPER=/usr/libexec/gcc/x86_64-linux-gnu/13/lto-wrapper
OFFLOAD_TARGET_NAMES=nvptx-none:amdgcn-amdhsa
OFFLOAD_TARGET_DEFAULT=1
Target: x86_64-linux-gnu
Configured with: ../src/configure -v --with-pkgversion='Ubuntu 13.3.0-6ubuntu2~24.04' --with-bugurl=file:///usr/share/doc/gcc-13/README.Bugs --enable-languages=c,ada,c++,go,d,fortran,objc,obj-c++,m2 --prefix=/usr --with-gcc-major-version-only --program-suffix=-13 --program-prefix=x86_64-linux-gnu- --enable-shared --enable-linker-build-id --libexecdir=/usr/libexec --without-included-gettext --enable-threads=posix --libdir=/usr/lib --enable-nls --enable-bootstrap --enable-clocale=gnu --enable-libstdcxx-debug --enable-libstdcxx-time=yes --with-default-libstdcxx-abi=new --enable-libstdcxx-backtrace --enable-gnu-unique-object --disable-vtable-verify --enable-plugin --enable-default-pie --with-system-zlib --enable-libphobos-checking=release --with-target-system-zlib=auto --enable-objc-gc=auto --enable-multiarch --disable-werror --enable-cet --with-arch-32=i686 --with-abi=m64 --with-multilib-list=m32,m64,mx32 --enable-multilib --with-tune=generic --enable-offload-targets=nvptx-none=/build/gcc-13-fG75Ri/gcc-13-13.3.0/debian/tmp-nvptx/usr,amdgcn-amdhsa=/build/gcc-13-fG75Ri/gcc-13-13.3.0/debian/tmp-gcn/usr --enable-offload-defaulted --without-cuda-driver --enable-checking=release --build=x86_64-linux-gnu --host=x86_64-linux-gnu --target=x86_64-linux-gnu --with-build-config=bootstrap-lto-lean --enable-link-serialization=2
Thread model: posix
Supported LTO compression algorithms: zlib zstd
gcc version 13.3.0 (Ubuntu 13.3.0-6ubuntu2~24.04) 
... rest of stderr output deleted ...
configure:4551: $? = 0
configure:4540: gcc -V >&5
gcc: error: unrecognized command-line option '-V'
gcc: fatal error: no input files
compilation terminated.
configure:4551: $? = 1
configure:4540: gcc -qversion >&5
gcc: error: unrecognized command-line option '-qversion'; did you mean '--version'?
gcc: fatal error: no input files
compilation terminated.
configure:4551: $? = 1
configure:4540: gcc -version >&5
gcc: error: unrecognized command-line option '-version'
gcc: fatal error: no input files
compilation terminated.
configure:4551: $? = 1
configure:4571: checking whether the C compiler works
configure:4593: gcc      conftest.c  >&5
configure:4597: $? = 0
configure:4647: result: yes
configure:4650: checking for C compiler default output file name
configure:4652: result: a.out
configure:4658: checking for suffix of executables
configure:4665: gcc -o conftest      conftest.c  >&5
configure:4669: $? = 0
configure:4692: result: 
configure:4714: checking whether we are cross compiling
configure:4722: gcc -o conftest      conftest.c  >&5
configure:4726: $? = 0
configure:4733: ./conftest
configure:4737: $? = 0
configure:4752: result: no
configure:4757: checking for suffix of object files
configure:4780: gcc -c    conftest.c >&5
configure:4784: $? = 0
configure:4806: result: o
configure:4810: checking whether the compiler supports GNU C
configure:4830: gcc -c    conftest.c >&5
configure:4830: $? = 0
configure:4840: result: yes
configure:4851: checking whether gcc accepts -g
configure:4872: gcc -c -g  conftest.c >&5
configure:4872: $? = 0
configure:4916: result: yes
configure:4936: checking for gcc option to enable C11 features
configure:4951: gcc  -c    conftest.c >&5
configure:4951: $? = 0
configure:4969: result: none needed
configure:5085: checking whether gcc understands -c and -o together
configure:5108: gcc -c conftest.c -o conftest2.o
configure:5111: $? = 0
configure:5108: gcc -c conftest.c -o conftest2.o
configure:5111: $? = 0
configure:5123: result: yes
configure:5143: checking whether make supports the include directive
configure:5158: make -f confmf.GNU && cat confinc.out
this is the am__doit target
configure:5161: $? = 0
configure:5180: result: yes (GNU style)
configure:5206: checking dependency style of gcc
configure:5318: result: gcc3
configure:5402: checking for g++
configure:5423: found /usr/bin/g++
configure:5434: result: g++
configure:5461: checking for C++ compiler version
configure:5470: g++ --version >&5
g++ (Ubuntu 13.3.0-6ubuntu2~24.04) 13.3.0
Copyright (C) 2023 Free Software Foundation, Inc.
This is free software; see the source for copying conditions.  There is NO
warranty; not even for MERCHANTABILITY or FITNESS FOR A PARTICULAR PURPOSE.

configure:5481: $? = 0
configure:5470: g++ -v >&5
Using built-in specs.
COLLECT_GCC=g++
COLLECT_LTO_WRAPPER=/usr/libexec/gcc/x86_64-linux-gnu/13/lto-wrapper
OFFLOAD_TARGET_NAMES=nvptx-none:amdgcn-amdhsa
OFFLOAD_TARGET_DEFAULT=1
Target: x86_64-linux-gnu
Configured with: ../src/configure -v --with-pkgversion='Ubuntu 13.3.0-6ubuntu2~24.04' --with-bugurl=file:///usr/share/doc/gcc-13/README.Bugs --enable-languages=c,ada,c++,go,d,fortran,objc,obj-c++,m2 --prefix=/usr --with-gcc-major-version-only --program-suffix=-13 --program-prefix=x86_64-linux-gnu- --enable-shared --enable-linker-build-id --libexecdir=/usr/libexec --without-included-gettext --enable-threads=posix --libdir=/usr/lib --enable-nls --enable-bootstrap --enable-clocale=gnu --enable-libstdcxx-debug --enable-libstdcxx-time=yes --with-default-libstdcxx-abi=new --enable-libstdcxx-backtrace --enable-gnu-unique-object --disable-vtable-verify --enable-plugin --enable-default-pie --with-system-zlib --enable-libphobos-checking=release --with-target-system-zlib=auto --enable-objc-gc=auto --enable-multiarch --disable-werror --enable-cet --with-arch-32=i686 --with-abi=m64 --with-multilib-list=m32,m64,mx32 --enable-multilib --with-tune=generic --enable-offload-targets=nvptx-none=/build/gcc-13-fG75Ri/gcc-13-13.3.0/debian/tmp-nvptx/usr,amdgcn-amdhsa=/build/gcc-13-fG75Ri/gcc-13-13.3.0/debian/tmp-gcn/usr --enable-offload-defaulted --without-cuda-driver --enable-checking=release --build=x86_64-linux-gnu --host=x86_64-linux-gnu --target=x86_64-linux-gnu --with-build-config=bootstrap-lto-lean --enable-link-serialization=2
Thread model: posix
Supported LTO compression algorithms: zlib zstd
gcc version 13.3.0 (Ubuntu 13.3.0-6ubuntu2~24.04) 
... rest of stderr output deleted ...
configure:5481: $? = 0
configure:5470: g++ -V >&5
g++: error: unrecognized command-line option '-V'
g++: fatal error: no input files
compilation terminated.
configure:5481: $? = 1
configure:5470: g++ -qversion >&5
g++: error: unrecognized command-line option '-qversion'; did you mean '--version'?
g++: fatal error: no input files
compilation terminated.
configure:5481: $? = 1
configure:5485: checking whether the compiler supports GNU C++
configure:5505: g++ -c    conftest.cpp >&5
configure:5505: $? = 0
configure:5515: result: yes
configure:5526: checking whether g++ accepts -g
configure:5547: g++ -c -g  conftest.cpp >&5
configure:5547: $? = 0
configure:5591: result: yes
configure:5611: checking for g++ option to enable C++11 features
configure:5626: g++  -c    conftest.cpp >&5
conftest.cpp: In function 'int main(int, char**)':
conftest.cpp:177:25: warning: empty parentheses were disambiguated as a function declaration [-Wvexing-parse]
  177 |   cxx11test::delegate d2();
      |                         ^~
conftest.cpp:177:25: note: remove parentheses to default-initialize a variable
  177 |   cxx11test::delegate d2();
      |                         ^~
      |                         --
conftest.cpp:177:25: note: or replace parentheses with braces to value-initialize a variable
configure:5626: $? = 0
configure:5644: result: none needed
configure:5710: checking dependency style of g++
configure:5822: result: gcc3
configure:5843: checking how to run the C preprocessor
configure:5869: gcc -E  conftest.c
configure:5869: $? = 0
configure:5884: gcc -E  conftest.c
conftest.c:11:10: fatal error: ac_nonexistent.h: No such file or directory
   11 | #include <ac_nonexistent.h>
      |          ^~~~~~~~~~~~~~~~~~
compilation terminated.
configure:5884: $? = 1
configure: failed program was:
| /* confdefs.h */
| #define PACKAGE_NAME "spandsp"
| #define PACKAGE_TARNAME "spandsp"
| #define PACKAGE_VERSION "3.0.0"
| #define PACKAGE_STRING "spandsp 3.0.0"
| #define PACKAGE_BUGREPORT ""
| #define PACKAGE_URL ""
| #define PACKAGE "spandsp"
| #define VERSION "3.0.0"
| /* end confdefs.h.  */
| #include <ac_nonexistent.h>
configure:5911: result: gcc -E
configure:5925: gcc -E  conftest.c
configure:5925: $? = 0
configure:5940: gcc -E  conftest.c
conftest.c:11:10: fatal error: ac_nonexistent.h: No such file or directory
   11 | #include <ac_nonexistent.h>
      |          ^~~~~~~~~~~~~~~~~~
compilation terminated.
configure:5940: $? = 1
configure: failed program was:
| /* confdefs.h */
| #define PACKAGE_NAME "spandsp"
| #define PACKAGE_TARNAME "spandsp"
| #define PACKAGE_VERSION "3.0.0"
| #define PACKAGE_STRING "spandsp 3.0.0"
| #define PACKAGE_BUGREPORT ""
| #define PACKAGE_URL ""
| #define PACKAGE "spandsp"
| #define VERSION "3.0.0"
| /* end confdefs.h.  */
| #include <ac_nonexistent.h>
configure:5971: checking for grep that handles long lines and -e
configure:6035: result: /usr/bin/grep
configure:6040: checking for egrep
configure:6108: result: /usr/bin/grep -E
configure:6114: checking whether gcc needs -traditional
configure:6151: result: no
configure:6205: checking how to print strings
configure:6232: result: printf
configure:6253: checking for a sed that does not truncate output
configure:6323: result: /usr/bin/sed
configure:6341: checking for fgrep
configure:6409: result: /usr/bin/grep -F
configure:6445: checking for ld used by gcc
configure:6513: result: /usr/bin/ld
configure:6520: checking if the linker (/usr/bin/ld) is GNU ld
configure:6536: result: yes
configure:6548: checking for BSD- or MS-compatible name lister (nm)
configure:6603: result: /usr/bin/nm -B
configure:6743: checking the name lister (/usr/bin/nm -B) interface
configure:6751: gcc -c    conftest.c >&5
configure:6754: /usr/bin/nm -B "conftest.o"
configure:6757: output
0000000000000000 B some_variable
configure:6764: result: BSD nm
configure:6767: checking whether ln -s works
configure:6771: result: yes
configure:6779: checking the maximum length of command line arguments
configure:6911: result: 1572864
configure:6959: checking how to convert x86_64-pc-linux-gnu file names to x86_64-pc-linux-gnu format
configure:7000: result: func_convert_file_noop
configure:7007: checking how to convert x86_64-pc-linux-gnu file names to toolchain format
configure:7028: result: func_convert_file_noop
configure:7035: checking for /usr/bin/ld option to reload object files
configure:7043: result: -r
configure:7122: checking for file
configure:7143: found /usr/bin/file
configure:7154: result: file
configure:7230: checking for objdump
configure:7251: found /usr/bin/objdump
configure:7262: result: objdump
configure:7294: checking how to recognize dependent libraries
configure:7495: result: pass_all
configure:7585: checking for dlltool
configure:7620: result: no
configure:7650: checking how to associate runtime and link libraries
configure:7678: result: printf %s\n
configure:7743: checking for ar
configure:7764: found /usr/bin/ar
configure:7775: result: ar
configure:7828: checking for archiver @FILE support
configure:7846: gcc -c    conftest.c >&5
configure:7846: $? = 0
configure:7850: ar cr libconftest.a @conftest.lst >&5
configure:7853: $? = 0
configure:7858: ar cr libconftest.a @conftest.lst >&5
ar: conftest.o: No such file or directory
configure:7861: $? = 1
configure:7873: result: @
configure:7936: checking for strip
configure:7957: found /usr/bin/strip
configure:7968: result: strip
configure:8045: checking for ranlib
configure:8066: found /usr/bin/ranlib
configure:8077: result: ranlib
configure:8179: checking command to parse /usr/bin/nm -B output from gcc object
configure:8333: gcc -c    conftest.c >&5
configure:8336: $? = 0
configure:8340: /usr/bin/nm -B conftest.o | /usr/bin/sed -n -e 's/^.*[	 ]\([ABCDGIRSTW][ABCDGIRSTW]*\)[	 ][	 ]*\([_A-Za-z][_A-Za-z0-9]*\)$/\1 \2 \2/p' | /usr/bin/sed '/ __gnu_lto/d' > conftest.nm
configure:8406: gcc -o conftest      conftest.c conftstm.o >&5
configure:8409: $? = 0
configure:8447: result: ok
configure:8494: checking for sysroot
configure:8525: result: no
configure:8532: checking for a working dd
configure:8576: result: /usr/bin/dd
configure:8580: checking how to truncate binary pipes
configure:8596: result: /usr/bin/dd bs=4096 count=1
configure:8733: gcc -c    conftest.c >&5
configure:8736: $? = 0
configure:8933: checking for mt
configure:8954: found /usr/bin/mt
configure:8965: result: mt
configure:8988: checking if mt is a manifest tool
configure:8995: mt '-?'
configure:9003: result: no
configure:9728: checking for stdio.h
configure:9728: gcc -c    conftest.c >&5
configure:9728: $? = 0
configure:9728: result: yes
configure:9728: checking for stdlib.h
configure:9728: gcc -c    conftest.c >&5
configure:9728: $? = 0
configure:9728: result: yes
configure:9728: checking for string.h
configure:9728: gcc -c    conftest.c >&5
configure:9728: $? = 0
configure:9728: result: yes
configure:9728: checking for inttypes.h
configure:9728: gcc -c    conftest.c >&5
configure:9728: $? = 0
configure:9728: result: yes
configure:9728: checking for stdint.h
configure:9728: gcc -c    conftest.c >&5
configure:9728: $? = 0
configure:9728: result: yes
configure:9728: checking for strings.h
configure:9728: gcc -c    conftest.c >&5
configure:9728: $? = 0
configure:9728: result: yes
configure:9728: checking for sys/stat.h
configure:9728: gcc -c    conftest.c >&5
configure:9728: $? = 0
configure:9728: result: yes
configure:9728: checking for sys/types.h
configure:9728: gcc -c    conftest.c >&5
configure:9728: $? = 0
configure:9728: result: yes
configure:9728: checking for unistd.h
configure:9728: gcc -c    conftest.c >&5
configure:9728: $? = 0
configure:9728: result: yes
configure:9728: checking for sys/select.h
configure:9728: gcc -c    conftest.c >&5
configure:9728: $? = 0
configure:9728: result: yes
configure:9728: checking for sys/socket.h
configure:9728: gcc -c    conftest.c >&5
configure:9728: $? = 0
configure:9728: result: yes
configure:9753: checking for dlfcn.h
configure:9753: gcc -c    conftest.c >&5
configure:9753: $? = 0
configure:9753: result: yes
configure:10023: checking for objdir
configure:10039: result: .libs
configure:10303: checking if gcc supports -fno-rtti -fno-exceptions
configure:10322: gcc -c    -fno-rtti -fno-exceptions conftest.c >&5
cc1: warning: command-line option '-fno-rtti' is valid for C++/D/ObjC++ but not for C
configure:10326: $? = 0
configure:10339: result: no
configure:10703: checking for gcc option to produce PIC
configure:10711: result: -fPIC -DPIC
configure:10719: checking if gcc PIC flag -fPIC -DPIC works
configure:10738: gcc -c    -fPIC -DPIC -DPIC conftest.c >&5
configure:10742: $? = 0
configure:10755: result: yes
configure:10784: checking if gcc static flag -static works
configure:10813: result: yes
configure:10828: checking if gcc supports -c -o file.o
configure:10850: gcc -c    -o out/conftest2.o conftest.c >&5
configure:10854: $? = 0
configure:10876: result: yes
configure:10884: checking if gcc supports -c -o file.o
configure:10932: result: yes
configure:10965: checking whether the gcc linker (/usr/bin/ld -m elf_x86_64) supports shared libraries
configure:12239: result: yes
configure:12276: checking whether -lc should be explicitly linked in
configure:12285: gcc -c    conftest.c >&5
configure:12288: $? = 0
configure:12303: gcc -shared  -fPIC -DPIC conftest.o  -v -Wl,-soname -Wl,conftest -o conftest 2\>\&1 \| /usr/bin/grep  -lc  \>/dev/null 2\>\&1
configure:12306: $? = 0
configure:12320: result: no
configure:12480: checking dynamic linker characteristics
configure:13062: gcc -o conftest      -Wl,-rpath -Wl,/foo conftest.c  >&5
configure:13062: $? = 0
configure:13313: result: GNU/Linux ld.so
configure:13435: checking how to hardcode library paths into programs
configure:13460: result: immediate
configure:14012: checking whether stripping libraries is possible
configure:14021: result: yes
configure:14063: checking if libtool supports shared libraries
configure:14065: result: yes
configure:14068: checking whether to build shared libraries
configure:14093: result: yes
configure:14096: checking whether to build static libraries
configure:14100: result: yes
configure:14123: checking how to run the C++ preprocessor
configure:14145: g++ -E  conftest.cpp
configure:14145: $? = 0
configure:14160: g++ -E  conftest.cpp
conftest.cpp:25:10: fatal error: ac_nonexistent.h: No such file or directory
   25 | #include <ac_nonexistent.h>
      |          ^~~~~~~~~~~~~~~~~~
compilation terminated.
configure:14160: $? = 1
configure: failed program was:
| /* confdefs.h */
| #define PACKAGE_NAME "spandsp"
| #define PACKAGE_TARNAME "spandsp"
| #define PACKAGE_VERSION "3.0.0"
| #define PACKAGE_STRING "spandsp 3.0.0"
| #define PACKAGE_BUGREPORT ""
| #define PACKAGE_URL ""
| #define PACKAGE "spandsp"
| #define VERSION "3.0.0"
| #define HAVE_STDIO_H 1
| #define HAVE_STDLIB_H 1
| #define HAVE_STRING_H 1
| #define HAVE_INTTYPES_H 1
| #define HAVE_STDINT_H 1
| #define HAVE_STRINGS_H 1
| #define HAVE_SYS_STAT_H 1
| #define HAVE_SYS_TYPES_H 1
| #define HAVE_UNISTD_H 1
| #define HAVE_SYS_SELECT_H 1
| #define HAVE_SYS_SOCKET_H 1
| #define STDC_HEADERS 1
| #define HAVE_DLFCN_H 1
| #define LT_OBJDIR ".libs/"
| /* end confdefs.h.  */
| #include <ac_nonexistent.h>
configure:14187: result: g++ -E
configure:14201: g++ -E  conftest.cpp
configure:14201: $? = 0
configure:14216: g++ -E  conftest.cpp
conftest.cpp:25:10: fatal error: ac_nonexistent.h: No such file or directory
   25 | #include <ac_nonexistent.h>
      |          ^~~~~~~~~~~~~~~~~~
compilation terminated.
configure:14216: $? = 1
configure: failed program was:
| /* confdefs.h */
| #define PACKAGE_NAME "spandsp"
| #define PACKAGE_TARNAME "spandsp"
| #define PACKAGE_VERSION "3.0.0"
| #define PACKAGE_STRING "spandsp 3.0.0"
| #define PACKAGE_BUGREPORT ""
| #define PACKAGE_URL ""
| #define PACKAGE "spandsp"
| #define VERSION "3.0.0"
| #define HAVE_STDIO_H 1
| #define HAVE_STDLIB_H 1
| #define HAVE_STRING_H 1
| #define HAVE_INTTYPES_H 1
| #define HAVE_STDINT_H 1
| #define HAVE_STRINGS_H 1
| #define HAVE_SYS_STAT_H 1
| #define HAVE_SYS_TYPES_H 1
| #define HAVE_UNISTD_H 1
| #define HAVE_SYS_SELECT_H 1
| #define HAVE_SYS_SOCKET_H 1
| #define STDC_HEADERS 1
| #define HAVE_DLFCN_H 1
| #define LT_OBJDIR ".libs/"
| /* end confdefs.h.  */
| #include <ac_nonexistent.h>
configure:14381: checking for ld used by g++
configure:14449: result: /usr/bin/ld -m elf_x86_64
configure:14456: checking if the linker (/usr/bin/ld -m elf_x86_64) is GNU ld
configure:14472: result: yes
configure:14527: checking whether the g++ linker (/usr/bin/ld -m elf_x86_64) supports shared libraries
configure:15605: result: yes
configure:15641: g++ -c    conftest.cpp >&5
configure:15644: $? = 0
configure:16125: checking for g++ option to produce PIC
configure:16133: result: -fPIC -DPIC
configure:16141: checking if g++ PIC flag -fPIC -DPIC works
configure:16160: g++ -c    -fPIC -DPIC -DPIC conftest.cpp >&5
configure:16164: $? = 0
configure:16177: result: yes
configure:16200: checking if g++ static flag -static works
configure:16229: result: yes
configure:16241: checking if g++ supports -c -o file.o
configure:16263: g++ -c    -o out/conftest2.o conftest.cpp >&5
configure:16267: $? = 0
configure:16289: result: yes
configure:16294: checking if g++ supports -c -o file.o
configure:16342: result: yes
configure:16372: checking whether the g++ linker (/usr/bin/ld -m elf_x86_64) supports shared libraries
configure:16415: result: yes
configure:16557: checking dynamic linker characteristics
configure:17317: result: GNU/Linux ld.so
configure:17382: checking how to hardcode library paths into programs
configure:17407: result: immediate
configure:17475: checking for C compiler vendor
configure:17500: gcc -c    conftest.c >&5
conftest.c: In function 'main':
conftest.c:31:7: error: 'thisisanerror' undeclared (first use in this function)
   31 |       thisisanerror;
      |       ^~~~~~~~~~~~~
conftest.c:31:7: note: each undeclared identifier is reported only once for each function it appears in
configure:17500: $? = 1
configure: failed program was:
| /* confdefs.h */
| #define PACKAGE_NAME "spandsp"
| #define PACKAGE_TARNAME "spandsp"
| #define PACKAGE_VERSION "3.0.0"
| #define PACKAGE_STRING "spandsp 3.0.0"
| #define PACKAGE_BUGREPORT ""
| #define PACKAGE_URL ""
| #define PACKAGE "spandsp"
| #define VERSION "3.0.0"
| #define HAVE_STDIO_H 1
| #define HAVE_STDLIB_H 1
| #define HAVE_STRING_H 1
| #define HAVE_INTTYPES_H 1
| #define HAVE_STDINT_H 1
| #define HAVE_STRINGS_H 1
| #define HAVE_SYS_STAT_H 1
| #define HAVE_SYS_TYPES_H 1
| #define HAVE_UNISTD_H 1
| #define HAVE_SYS_SELECT_H 1
| #define HAVE_SYS_SOCKET_H 1
| #define STDC_HEADERS 1
| #define HAVE_DLFCN_H 1
| #define LT_OBJDIR ".libs/"
| /* end confdefs.h.  */
| 
| int
| main (void)
| {
| 
| #if !(defined(__ICC) || defined(__ECC) || defined(__INTEL_COMPILER))
|       thisisanerror;
| #endif
| 
|   ;
|   return 0;
| }
configure:17500: gcc -c    conftest.c >&5
conftest.c: In function 'main':
conftest.c:31:7: error: 'thisisanerror' undeclared (first use in this function)
   31 |       thisisanerror;
      |       ^~~~~~~~~~~~~
conftest.c:31:7: note: each undeclared identifier is reported only once for each function it appears in
configure:17500: $? = 1
configure: failed program was:
| /* confdefs.h */
| #define PACKAGE_NAME "spandsp"
| #define PACKAGE_TARNAME "spandsp"
| #define PACKAGE_VERSION "3.0.0"
| #define PACKAGE_STRING "spandsp 3.0.0"
| #define PACKAGE_BUGREPORT ""
| #define PACKAGE_URL ""
| #define PACKAGE "spandsp"
| #define VERSION "3.0.0"
| #define HAVE_STDIO_H 1
| #define HAVE_STDLIB_H 1
| #define HAVE_STRING_H 1
| #define HAVE_INTTYPES_H 1
| #define HAVE_STDINT_H 1
| #define HAVE_STRINGS_H 1
| #define HAVE_SYS_STAT_H 1
| #define HAVE_SYS_TYPES_H 1
| #define HAVE_UNISTD_H 1
| #define HAVE_SYS_SELECT_H 1
| #define HAVE_SYS_SOCKET_H 1
| #define STDC_HEADERS 1
| #define HAVE_DLFCN_H 1
| #define LT_OBJDIR ".libs/"
| /* end confdefs.h.  */
| 
| int
| main (void)
| {
| 
| #if !(defined(__xlc__) || defined(__xlC__) || defined(__IBMC__) || defined(__IBMCPP__))
|       thisisanerror;
| #endif
| 
|   ;
|   return 0;
| }
configure:17500: gcc -c    conftest.c >&5
conftest.c: In function 'main':
conftest.c:31:7: error: 'thisisanerror' undeclared (first use in this function)
   31 |       thisisanerror;
      |       ^~~~~~~~~~~~~
conftest.c:31:7: note: each undeclared identifier is reported only once for each function it appears in
configure:17500: $? = 1
configure: failed program was:
| /* confdefs.h */
| #define PACKAGE_NAME "spandsp"
| #define PACKAGE_TARNAME "spandsp"
| #define PACKAGE_VERSION "3.0.0"
| #define PACKAGE_STRING "spandsp 3.0.0"
| #define PACKAGE_BUGREPORT ""
| #define PACKAGE_URL ""
| #define PACKAGE "spandsp"
| #define VERSION "3.0.0"
| #define HAVE_STDIO_H 1
| #define HAVE_STDLIB_H 1
| #define HAVE_STRING_H 1
| #define HAVE_INTTYPES_H 1
| #define HAVE_STDINT_H 1
| #define HAVE_STRINGS_H 1
| #define HAVE_SYS_STAT_H 1
| #define HAVE_SYS_TYPES_H 1
| #define HAVE_UNISTD_H 1
| #define HAVE_SYS_SELECT_H 1
| #define HAVE_SYS_SOCKET_H 1
| #define STDC_HEADERS 1
| #define HAVE_DLFCN_H 1
| #define LT_OBJDIR ".libs/"
| /* end confdefs.h.  */
| 
| int
| main (void)
| {
| 
| #if !(defined(__PATHCC__) || defined(__PATHSCALE__))
|       thisisanerror;
| #endif
| 
|   ;
|   return 0;
| }
configure:17500: gcc -c    conftest.c >&5
conftest.c: In function 'main':
conftest.c:31:7: error: 'thisisanerror' undeclared (first use in this function)
   31 |       thisisanerror;
      |       ^~~~~~~~~~~~~
conftest.c:31:7: note: each undeclared identifier is reported only once for each function it appears in
configure:17500: $? = 1
configure: failed program was:
| /* confdefs.h */
| #define PACKAGE_NAME "spandsp"
| #define PACKAGE_TARNAME "spandsp"
| #define PACKAGE_VERSION "3.0.0"
| #define PACKAGE_STRING "spandsp 3.0.0"
| #define PACKAGE_BUGREPORT ""
| #define PACKAGE_URL ""
| #define PACKAGE "spandsp"
| #define VERSION "3.0.0"
| #define HAVE_STDIO_H 1
| #define HAVE_STDLIB_H 1
| #define HAVE_STRING_H 1
| #define HAVE_INTTYPES_H 1
| #define HAVE_STDINT_H 1
| #define HAVE_STRINGS_H 1
| #define HAVE_SYS_STAT_H 1
| #define HAVE_SYS_TYPES_H 1
| #define HAVE_UNISTD_H 1
| #define HAVE_SYS_SELECT_H 1
| #define HAVE_SYS_SOCKET_H 1
| #define STDC_HEADERS 1
| #define HAVE_DLFCN_H 1
| #define LT_OBJDIR ".libs/"
| /* end confdefs.h.  */
| 
| int
| main (void)
| {
| 
| #if !(defined(__clang__))
|       thisisanerror;
| #endif
| 
|   ;
|   return 0;
| }
configure:17500: gcc -c    conftest.c >&5
configure:17500: $? = 0
configure:17508: result: gnu
configure:17586: checking for gcc
configure:17618: result: gcc
configure:17971: checking for C compiler version
configure:17980: gcc --version >&5
gcc (Ubuntu 13.3.0-6ubuntu2~24.04) 13.3.0
Copyright (C) 2023 Free Software Foundation, Inc.
This is free software; see the source for copying conditions.  There is NO
warranty; not even for MERCHANTABILITY or FITNESS FOR A PARTICULAR PURPOSE.

configure:17991: $? = 0
configure:17980: gcc -v >&5
Using built-in specs.
COLLECT_GCC=gcc
COLLECT_LTO_WRAPPER=/usr/libexec/gcc/x86_64-linux-gnu/13/lto-wrapper
OFFLOAD_TARGET_NAMES=nvptx-none:amdgcn-amdhsa
OFFLOAD_TARGET_DEFAULT=1
Target: x86_64-linux-gnu
Configured with: ../src/configure -v --with-pkgversion='Ubuntu 13.3.0-6ubuntu2~24.04' --with-bugurl=file:///usr/share/doc/gcc-13/README.Bugs --enable-languages=c,ada,c++,go,d,fortran,objc,obj-c++,m2 --prefix=/usr --with-gcc-major-version-only --program-suffix=-13 --program-prefix=x86_64-linux-gnu- --enable-shared --enable-linker-build-id --libexecdir=/usr/libexec --without-included-gettext --enable-threads=posix --libdir=/usr/lib --enable-nls --enable-bootstrap --enable-clocale=gnu --enable-libstdcxx-debug --enable-libstdcxx-time=yes --with-default-libstdcxx-abi=new --enable-libstdcxx-backtrace --enable-gnu-unique-object --disable-vtable-verify --enable-plugin --enable-default-pie --with-system-zlib --enable-libphobos-checking=release --with-target-system-zlib=auto --enable-objc-gc=auto --enable-multiarch --disable-werror --enable-cet --with-arch-32=i686 --with-abi=m64 --with-multilib-list=m32,m64,mx32 --enable-multilib --with-tune=generic --enable-offload-targets=nvptx-none=/build/gcc-13-fG75Ri/gcc-13-13.3.0/debian/tmp-nvptx/usr,amdgcn-amdhsa=/build/gcc-13-fG75Ri/gcc-13-13.3.0/debian/tmp-gcn/usr --enable-offload-defaulted --without-cuda-driver --enable-checking=release --build=x86_64-linux-gnu --host=x86_64-linux-gnu --target=x86_64-linux-gnu --with-build-config=bootstrap-lto-lean --enable-link-serialization=2
Thread model: posix
Supported LTO compression algorithms: zlib zstd
gcc version 13.3.0 (Ubuntu 13.3.0-6ubuntu2~24.04) 
... rest of stderr output deleted ...
configure:17991: $? = 0
configure:17980: gcc -V >&5
gcc: error: unrecognized command-line option '-V'
gcc: fatal error: no input files
compilation terminated.
configure:17991: $? = 1
configure:17980: gcc -qversion >&5
gcc: error: unrecognized command-line option '-qversion'; did you mean '--version'?
gcc: fatal error: no input files
compilation terminated.
configure:17991: $? = 1
configure:17980: gcc -version >&5
gcc: error: unrecognized command-line option '-version'
gcc: fatal error: no input files
compilation terminated.
configure:17991: $? = 1
configure:17995: checking whether the compiler supports GNU C
configure:18025: result: yes
configure:18036: checking whether gcc accepts -g
configure:18101: result: yes
configure:18121: checking for gcc option to enable C11 features
configure:18154: result: none needed
configure:18270: checking whether gcc understands -c and -o together
configure:18308: result: yes
configure:18327: checking dependency style of gcc
configure:18439: result: gcc3
configure:18483: checking for an ANSI C-conforming const
configure:18550: gcc -c    conftest.c >&5
configure:18550: $? = 0
configure:18558: result: yes
configure:18566: checking for inline
configure:18583: gcc -c    conftest.c >&5
configure:18583: $? = 0
configure:18592: result: inline
configure:18610: checking for working volatile
configure:18630: gcc -c    conftest.c >&5
configure:18630: $? = 0
configure:18638: result: yes
configure:18647: checking for long long
configure:18647: gcc -c    conftest.c >&5
configure:18647: $? = 0
configure:18647: gcc -c    conftest.c >&5
conftest.c: In function 'main':
conftest.c:56:24: error: expected expression before ')' token
   56 | if (sizeof ((long long)))
      |                        ^
configure:18647: $? = 1
configure: failed program was:
| /* confdefs.h */
| #define PACKAGE_NAME "spandsp"
| #define PACKAGE_TARNAME "spandsp"
| #define PACKAGE_VERSION "3.0.0"
| #define PACKAGE_STRING "spandsp 3.0.0"
| #define PACKAGE_BUGREPORT ""
| #define PACKAGE_URL ""
| #define PACKAGE "spandsp"
| #define VERSION "3.0.0"
| #define HAVE_STDIO_H 1
| #define HAVE_STDLIB_H 1
| #define HAVE_STRING_H 1
| #define HAVE_INTTYPES_H 1
| #define HAVE_STDINT_H 1
| #define HAVE_STRINGS_H 1
| #define HAVE_SYS_STAT_H 1
| #define HAVE_SYS_TYPES_H 1
| #define HAVE_UNISTD_H 1
| #define HAVE_SYS_SELECT_H 1
| #define HAVE_SYS_SOCKET_H 1
| #define STDC_HEADERS 1
| #define HAVE_DLFCN_H 1
| #define LT_OBJDIR ".libs/"
| /* end confdefs.h.  */
| #include <stddef.h>
| #ifdef HAVE_STDIO_H
| # include <stdio.h>
| #endif
| #ifdef HAVE_STDLIB_H
| # include <stdlib.h>
| #endif
| #ifdef HAVE_STRING_H
| # include <string.h>
| #endif
| #ifdef HAVE_INTTYPES_H
| # include <inttypes.h>
| #endif
| #ifdef HAVE_STDINT_H
| # include <stdint.h>
| #endif
| #ifdef HAVE_STRINGS_H
| # include <strings.h>
| #endif
| #ifdef HAVE_SYS_TYPES_H
| # include <sys/types.h>
| #endif
| #ifdef HAVE_SYS_STAT_H
| # include <sys/stat.h>
| #endif
| #ifdef HAVE_UNISTD_H
| # include <unistd.h>
| #endif
| int
| main (void)
| {
| if (sizeof ((long long)))
| 	    return 0;
|   ;
|   return 0;
| }
configure:18647: result: yes
configure:18656: checking for long double
configure:18656: gcc -c    conftest.c >&5
configure:18656: $? = 0
configure:18656: gcc -c    conftest.c >&5
conftest.c: In function 'main':
conftest.c:57:26: error: expected expression before ')' token
   57 | if (sizeof ((long double)))
      |                          ^
configure:18656: $? = 1
configure: failed program was:
| /* confdefs.h */
| #define PACKAGE_NAME "spandsp"
| #define PACKAGE_TARNAME "spandsp"
| #define PACKAGE_VERSION "3.0.0"
| #define PACKAGE_STRING "spandsp 3.0.0"
| #define PACKAGE_BUGREPORT ""
| #define PACKAGE_URL ""
| #define PACKAGE "spandsp"
| #define VERSION "3.0.0"
| #define HAVE_STDIO_H 1
| #define HAVE_STDLIB_H 1
| #define HAVE_STRING_H 1
| #define HAVE_INTTYPES_H 1
| #define HAVE_STDINT_H 1
| #define HAVE_STRINGS_H 1
| #define HAVE_SYS_STAT_H 1
| #define HAVE_SYS_TYPES_H 1
| #define HAVE_UNISTD_H 1
| #define HAVE_SYS_SELECT_H 1
| #define HAVE_SYS_SOCKET_H 1
| #define STDC_HEADERS 1
| #define HAVE_DLFCN_H 1
| #define LT_OBJDIR ".libs/"
| #define HAVE_LONG_LONG 1
| /* end confdefs.h.  */
| #include <stddef.h>
| #ifdef HAVE_STDIO_H
| # include <stdio.h>
| #endif
| #ifdef HAVE_STDLIB_H
| # include <stdlib.h>
| #endif
| #ifdef HAVE_STRING_H
| # include <string.h>
| #endif
| #ifdef HAVE_INTTYPES_H
| # include <inttypes.h>
| #endif
| #ifdef HAVE_STDINT_H
| # include <stdint.h>
| #endif
| #ifdef HAVE_STRINGS_H
| # include <strings.h>
| #endif
| #ifdef HAVE_SYS_TYPES_H
| # include <sys/types.h>
| #endif
| #ifdef HAVE_SYS_STAT_H
| # include <sys/stat.h>
| #endif
| #ifdef HAVE_UNISTD_H
| # include <unistd.h>
| #endif
| int
| main (void)
| {
| if (sizeof ((long double)))
| 	    return 0;
|   ;
|   return 0;
| }
configure:18656: result: yes
configure:18773: checking for error_at_line
configure:18790: gcc -o conftest      conftest.c  >&5
configure:18790: $? = 0
configure:18799: result: yes
configure:18814: checking for vprintf
configure:18814: gcc -o conftest      conftest.c  >&5
conftest.c:43:6: warning: conflicting types for built-in function 'vprintf'; expected 'int(const char *, __va_list_tag *)' [-Wbuiltin-declaration-mismatch]
   43 | char vprintf ();
      |      ^~~~~~~
conftest.c:35:1: note: 'vprintf' is declared in header '<stdio.h>'
   34 | #include <limits.h>
   35 | #undef vprintf
configure:18814: $? = 0
configure:18814: result: yes
configure:18835: checking for working memcmp
configure:18880: gcc -o conftest      conftest.c  >&5
configure:18880: $? = 0
configure:18880: ./conftest
configure:18880: $? = 0
configure:18891: result: yes
configure:18900: checking for memmove
configure:18900: gcc -o conftest      conftest.c  >&5
conftest.c:44:6: warning: conflicting types for built-in function 'memmove'; expected 'void *(void *, const void *, long unsigned int)' [-Wbuiltin-declaration-mismatch]
   44 | char memmove ();
      |      ^~~~~~~
conftest.c:36:1: note: 'memmove' is declared in header '<string.h>'
   35 | #include <limits.h>
   36 | #undef memmove
configure:18900: $? = 0
configure:18900: result: yes
configure:18907: checking for working memmove
configure:18937: gcc -o conftest      conftest.c  >&5
configure:18937: $? = 0
configure:18937: ./conftest
configure:18937: $? = 0
configure:18949: result: yes
configure:18965: checking for GNU libc compatible realloc
configure:18997: gcc -o conftest      conftest.c  >&5
configure:18997: $? = 0
configure:18997: ./conftest
configure:18997: $? = 0
configure:19008: result: yes
configure:19030: checking for GNU libc compatible malloc
configure:19062: gcc -o conftest      conftest.c  >&5
configure:19062: $? = 0
configure:19062: ./conftest
configure:19062: $? = 0
configure:19073: result: yes
configure:19099: checking types of arguments for select
configure:19129: gcc -c    conftest.c >&5
configure:19129: $? = 0
configure:19139: result: int,fd_set *,struct timeval *
configure:19157: checking for lrint
configure:19184: gcc -o conftest      conftest.c -lm >&5
configure:19184: $? = 0
configure:19197: result: yes
configure:19206: checking for lrintf
configure:19233: gcc -o conftest      conftest.c -lm >&5
configure:19233: $? = 0
configure:19246: result: yes
configure:19255: checking for llrint
configure:19283: gcc -o conftest      conftest.c -lm >&5
configure:19283: $? = 0
configure:19296: result: yes
configure:19305: checking for llrintf
configure:19333: gcc -o conftest      conftest.c -lm >&5
configure:19333: $? = 0
configure:19346: result: yes
configure:19365: checking if have C99 struct flexible array support
configure:19392: gcc -o conftest      conftest.c  >&5
configure:19392: $? = 0
configure:19403: result: yes
configure:19409: checking checking for aligned_alloc
configure:19431: gcc -o conftest   -Werror    conftest.c  >&5
conftest.c: In function 'main':
conftest.c:46:56: error: ignoring return value of 'aligned_alloc' declared with attribute 'warn_unused_result' [-Werror=unused-result]
   46 |                                                        aligned_alloc(0,0);
      |                                                        ^~~~~~~~~~~~~~~~~~
cc1: all warnings being treated as errors
configure:19431: $? = 1
configure: failed program was:
| /* confdefs.h */
| #define PACKAGE_NAME "spandsp"
| #define PACKAGE_TARNAME "spandsp"
| #define PACKAGE_VERSION "3.0.0"
| #define PACKAGE_STRING "spandsp 3.0.0"
| #define PACKAGE_BUGREPORT ""
| #define PACKAGE_URL ""
| #define PACKAGE "spandsp"
| #define VERSION "3.0.0"
| #define HAVE_STDIO_H 1
| #define HAVE_STDLIB_H 1
| #define HAVE_STRING_H 1
| #define HAVE_INTTYPES_H 1
| #define HAVE_STDINT_H 1
| #define HAVE_STRINGS_H 1
| #define HAVE_SYS_STAT_H 1
| #define HAVE_SYS_TYPES_H 1
| #define HAVE_UNISTD_H 1
| #define HAVE_SYS_SELECT_H 1
| #define HAVE_SYS_SOCKET_H 1
| #define STDC_HEADERS 1
| #define HAVE_DLFCN_H 1
| #define LT_OBJDIR ".libs/"
| #define HAVE_LONG_LONG 1
| #define HAVE_LONG_DOUBLE 1
| #define HAVE_VPRINTF 1
| #define HAVE_MEMMOVE 1
| #define HAVE_REALLOC 1
| #define HAVE_MALLOC 1
| #define SELECT_TYPE_ARG1 int
| #define SELECT_TYPE_ARG234 (fd_set *)
| #define SELECT_TYPE_ARG5 (struct timeval *)
| #define HAVE_LRINT 1
| #define HAVE_LRINTF 1
| #define HAVE_LLRINT 1
| #define HAVE_LLRINTF 1
| /* end confdefs.h.  */
| 
| 			    									 #define _ISOC11_SOURCE
|                                                      #include <stdlib.h>
| 
| int
| main (void)
| {
| 
|                                                        aligned_alloc(0,0);
| 
|   ;
|   return 0;
| }
configure:19440: result: no
configure:19450: checking for memalign
configure:19450: gcc -o conftest      conftest.c  >&5
configure:19450: $? = 0
configure:19450: result: yes
configure:19457: checking for posix_memalign
configure:19457: gcc -o conftest      conftest.c  >&5
conftest.c:55:6: warning: conflicting types for built-in function 'posix_memalign'; expected 'int(void **, long unsigned int,  long unsigned int)' [-Wbuiltin-declaration-mismatch]
   55 | char posix_memalign ();
      |      ^~~~~~~~~~~~~~
configure:19457: $? = 0
configure:19457: result: yes
configure:19464: checking for memmove
configure:19464: result: yes
configure:19471: checking for memset
configure:19471: gcc -o conftest      conftest.c  >&5
conftest.c:57:6: warning: conflicting types for built-in function 'memset'; expected 'void *(void *, int,  long unsigned int)' [-Wbuiltin-declaration-mismatch]
   57 | char memset ();
      |      ^~~~~~
conftest.c:49:1: note: 'memset' is declared in header '<string.h>'
   48 | #include <limits.h>
   49 | #undef memset
configure:19471: $? = 0
configure:19471: result: yes
configure:19478: checking for select
configure:19478: gcc -o conftest      conftest.c  >&5
configure:19478: $? = 0
configure:19478: result: yes
configure:19485: checking for strcasecmp
configure:19485: gcc -o conftest      conftest.c  >&5
conftest.c:59:6: warning: conflicting types for built-in function 'strcasecmp'; expected 'int(const char *, const char *)' [-Wbuiltin-declaration-mismatch]
   59 | char strcasecmp ();
      |      ^~~~~~~~~~
configure:19485: $? = 0
configure:19485: result: yes
configure:19492: checking for strchr
configure:19492: gcc -o conftest      conftest.c  >&5
conftest.c:60:6: warning: conflicting types for built-in function 'strchr'; expected 'char *(const char *, int)' [-Wbuiltin-declaration-mismatch]
   60 | char strchr ();
      |      ^~~~~~
conftest.c:52:1: note: 'strchr' is declared in header '<string.h>'
   51 | #include <limits.h>
   52 | #undef strchr
configure:19492: $? = 0
configure:19492: result: yes
configure:19499: checking for strdup
configure:19499: gcc -o conftest      conftest.c  >&5
conftest.c:61:6: warning: conflicting types for built-in function 'strdup'; expected 'char *(const char *)' [-Wbuiltin-declaration-mismatch]
   61 | char strdup ();
      |      ^~~~~~
configure:19499: $? = 0
configure:19499: result: yes
configure:19506: checking for strerror
configure:19506: gcc -o conftest      conftest.c  >&5
configure:19506: $? = 0
configure:19506: result: yes
configure:19513: checking for strstr
configure:19513: gcc -o conftest      conftest.c  >&5
conftest.c:63:6: warning: conflicting types for built-in function 'strstr'; expected 'char *(const char *, const char *)' [-Wbuiltin-declaration-mismatch]
   63 | char strstr ();
      |      ^~~~~~
conftest.c:55:1: note: 'strstr' is declared in header '<string.h>'
   54 | #include <limits.h>
   55 | #undef strstr
configure:19513: $? = 0
configure:19513: result: yes
configure:19520: checking for strtol
configure:19520: gcc -o conftest      conftest.c  >&5
configure:19520: $? = 0
configure:19520: result: yes
configure:19527: checking for gettimeofday
configure:19527: gcc -o conftest      conftest.c  >&5
configure:19527: $? = 0
configure:19527: result: yes
configure:19534: checking for drand48
configure:19534: gcc -o conftest      conftest.c  >&5
configure:19534: $? = 0
configure:19534: result: yes
configure:19542: checking for sys/wait.h that is POSIX.1 compatible
configure:19569: gcc -c    conftest.c >&5
configure:19569: $? = 0
configure:19577: result: yes
configure:19587: checking for socket.h
configure:19587: gcc -c    conftest.c >&5
conftest.c:80:10: fatal error: socket.h: No such file or directory
   80 | #include <socket.h>
      |          ^~~~~~~~~~
compilation terminated.
configure:19587: $? = 1
configure: failed program was:
| /* confdefs.h */
| #define PACKAGE_NAME "spandsp"
| #define PACKAGE_TARNAME "spandsp"
| #define PACKAGE_VERSION "3.0.0"
| #define PACKAGE_STRING "spandsp 3.0.0"
| #define PACKAGE_BUGREPORT ""
| #define PACKAGE_URL ""
| #define PACKAGE "spandsp"
| #define VERSION "3.0.0"
| #define HAVE_STDIO_H 1
| #define HAVE_STDLIB_H 1
| #define HAVE_STRING_H 1
| #define HAVE_INTTYPES_H 1
| #define HAVE_STDINT_H 1
| #define HAVE_STRINGS_H 1
| #define HAVE_SYS_STAT_H 1
| #define HAVE_SYS_TYPES_H 1
| #define HAVE_UNISTD_H 1
| #define HAVE_SYS_SELECT_H 1
| #define HAVE_SYS_SOCKET_H 1
| #define STDC_HEADERS 1
| #define HAVE_DLFCN_H 1
| #define LT_OBJDIR ".libs/"
| #define HAVE_LONG_LONG 1
| #define HAVE_LONG_DOUBLE 1
| #define HAVE_VPRINTF 1
| #define HAVE_MEMMOVE 1
| #define HAVE_REALLOC 1
| #define HAVE_MALLOC 1
| #define SELECT_TYPE_ARG1 int
| #define SELECT_TYPE_ARG234 (fd_set *)
| #define SELECT_TYPE_ARG5 (struct timeval *)
| #define HAVE_LRINT 1
| #define HAVE_LRINTF 1
| #define HAVE_LLRINT 1
| #define HAVE_LLRINTF 1
| #define HAVE_MEMALIGN 1
| #define HAVE_POSIX_MEMALIGN 1
| #define HAVE_MEMMOVE 1
| #define HAVE_MEMSET 1
| #define HAVE_SELECT 1
| #define HAVE_STRCASECMP 1
| #define HAVE_STRCHR 1
| #define HAVE_STRDUP 1
| #define HAVE_STRERROR 1
| #define HAVE_STRSTR 1
| #define HAVE_STRTOL 1
| #define HAVE_GETTIMEOFDAY 1
| #define HAVE_DRAND48 1
| #define HAVE_SYS_WAIT_H 1
| /* end confdefs.h.  */
| #include <stddef.h>
| #ifdef HAVE_STDIO_H
| # include <stdio.h>
| #endif
| #ifdef HAVE_STDLIB_H
| # include <stdlib.h>
| #endif
| #ifdef HAVE_STRING_H
| # include <string.h>
| #endif
| #ifdef HAVE_INTTYPES_H
| # include <inttypes.h>
| #endif
| #ifdef HAVE_STDINT_H
| # include <stdint.h>
| #endif
| #ifdef HAVE_STRINGS_H
| # include <strings.h>
| #endif
| #ifdef HAVE_SYS_TYPES_H
| # include <sys/types.h>
| #endif
| #ifdef HAVE_SYS_STAT_H
| # include <sys/stat.h>
| #endif
| #ifdef HAVE_UNISTD_H
| # include <unistd.h>
| #endif
| #include <socket.h>
configure:19587: result: no
configure:19596: checking for inttypes.h
configure:19596: result: yes
configure:19606: checking for stdint.h
configure:19606: result: yes
configure:19614: checking for stdatomic.h
configure:19614: gcc -c    conftest.c >&5
configure:19614: $? = 0
configure:19614: result: yes
configure:19623: checking for stdbool.h
configure:19623: gcc -c    conftest.c >&5
configure:19623: $? = 0
configure:19623: result: yes
configure:19633: checking for stdfix.h
configure:19633: gcc -c    conftest.c >&5
configure:19633: $? = 0
configure:19633: result: yes
configure:19640: checking for unistd.h
configure:19640: result: yes
configure:19647: checking for stdlib.h
configure:19647: result: yes
configure:19654: checking for string.h
configure:19654: result: yes
configure:19661: checking for strings.h
configure:19661: result: yes
configure:19668: checking for malloc.h
configure:19668: gcc -c    conftest.c >&5
configure:19668: $? = 0
configure:19668: result: yes
configure:19677: checking for math.h
configure:19677: gcc -c    conftest.c >&5
configure:19677: $? = 0
configure:19677: result: yes
configure:19685: checking for float.h
configure:19685: gcc -c    conftest.c >&5
configure:19685: $? = 0
configure:19685: result: yes
configure:19692: checking for fcntl.h
configure:19692: gcc -c    conftest.c >&5
configure:19692: $? = 0
configure:19692: result: yes
configure:19699: checking for sys/time.h
configure:19699: gcc -c    conftest.c >&5
configure:19699: $? = 0
configure:19699: result: yes
configure:19706: checking for sys/select.h
configure:19706: result: yes
configure:19713: checking for sys/ioctl.h
configure:19713: gcc -c    conftest.c >&5
configure:19713: $? = 0
configure:19713: result: yes
configure:19720: checking for sys/fcntl.h
configure:19720: gcc -c    conftest.c >&5
configure:19720: $? = 0
configure:19720: result: yes
configure:19727: checking for sndfile.h
configure:19727: gcc -c    conftest.c >&5
configure:19727: $? = 0
configure:19727: result: yes
configure:19734: checking for fenv.h
configure:19734: gcc -c    conftest.c >&5
configure:19734: $? = 0
configure:19734: result: yes
configure:19743: checking for fftw3.h
configure:19743: gcc -c    conftest.c >&5
conftest.c:99:10: fatal error: fftw3.h: No such file or directory
   99 | #include <fftw3.h>
      |          ^~~~~~~~~
compilation terminated.
configure:19743: $? = 1
configure: failed program was:
| /* confdefs.h */
| #define PACKAGE_NAME "spandsp"
| #define PACKAGE_TARNAME "spandsp"
| #define PACKAGE_VERSION "3.0.0"
| #define PACKAGE_STRING "spandsp 3.0.0"
| #define PACKAGE_BUGREPORT ""
| #define PACKAGE_URL ""
| #define PACKAGE "spandsp"
| #define VERSION "3.0.0"
| #define HAVE_STDIO_H 1
| #define HAVE_STDLIB_H 1
| #define HAVE_STRING_H 1
| #define HAVE_INTTYPES_H 1
| #define HAVE_STDINT_H 1
| #define HAVE_STRINGS_H 1
| #define HAVE_SYS_STAT_H 1
| #define HAVE_SYS_TYPES_H 1
| #define HAVE_UNISTD_H 1
| #define HAVE_SYS_SELECT_H 1
| #define HAVE_SYS_SOCKET_H 1
| #define STDC_HEADERS 1
| #define HAVE_DLFCN_H 1
| #define LT_OBJDIR ".libs/"
| #define HAVE_LONG_LONG 1
| #define HAVE_LONG_DOUBLE 1
| #define HAVE_VPRINTF 1
| #define HAVE_MEMMOVE 1
| #define HAVE_REALLOC 1
| #define HAVE_MALLOC 1
| #define SELECT_TYPE_ARG1 int
| #define SELECT_TYPE_ARG234 (fd_set *)
| #define SELECT_TYPE_ARG5 (struct timeval *)
| #define HAVE_LRINT 1
| #define HAVE_LRINTF 1
| #define HAVE_LLRINT 1
| #define HAVE_LLRINTF 1
| #define HAVE_MEMALIGN 1
| #define HAVE_POSIX_MEMALIGN 1
| #define HAVE_MEMMOVE 1
| #define HAVE_MEMSET 1
| #define HAVE_SELECT 1
| #define HAVE_STRCASECMP 1
| #define HAVE_STRCHR 1
| #define HAVE_STRDUP 1
| #define HAVE_STRERROR 1
| #define HAVE_STRSTR 1
| #define HAVE_STRTOL 1
| #define HAVE_GETTIMEOFDAY 1
| #define HAVE_DRAND48 1
| #define HAVE_SYS_WAIT_H 1
| #define HAVE_INTTYPES_H 1
| #define HAVE_STDINT_H 1
| #define HAVE_STDATOMIC_H 1
| #define HAVE_STDBOOL_H 1
| #define HAVE_STDFIX_H 1
| #define HAVE_UNISTD_H 1
| #define HAVE_STDLIB_H 1
| #define HAVE_STRING_H 1
| #define HAVE_STRINGS_H 1
| #define HAVE_MALLOC_H 1
| #define HAVE_MATH_H 1
| #define HAVE_FLOAT_H 1
| #define HAVE_FCNTL_H 1
| #define HAVE_SYS_TIME_H 1
| #define HAVE_SYS_SELECT_H 1
| #define HAVE_SYS_IOCTL_H 1
| #define HAVE_SYS_FCNTL_H 1
| #define HAVE_SNDFILE_H 1
| #define HAVE_FENV_H 1
| /* end confdefs.h.  */
| #include <stddef.h>
| #ifdef HAVE_STDIO_H
| # include <stdio.h>
| #endif
| #ifdef HAVE_STDLIB_H
| # include <stdlib.h>
| #endif
| #ifdef HAVE_STRING_H
| # include <string.h>
| #endif
| #ifdef HAVE_INTTYPES_H
| # include <inttypes.h>
| #endif
| #ifdef HAVE_STDINT_H
| # include <stdint.h>
| #endif
| #ifdef HAVE_STRINGS_H
| # include <strings.h>
| #endif
| #ifdef HAVE_SYS_TYPES_H
| # include <sys/types.h>
| #endif
| #ifdef HAVE_SYS_STAT_H
| # include <sys/stat.h>
| #endif
| #ifdef HAVE_UNISTD_H
| # include <unistd.h>
| #endif
| #include <fftw3.h>
configure:19743: result: no
configure:19749: checking for fftw.h
configure:19749: gcc -c    conftest.c >&5
conftest.c:99:10: fatal error: fftw.h: No such file or directory
   99 | #include <fftw.h>
      |          ^~~~~~~~
compilation terminated.
configure:19749: $? = 1
configure: failed program was:
| /* confdefs.h */
| #define PACKAGE_NAME "spandsp"
| #define PACKAGE_TARNAME "spandsp"
| #define PACKAGE_VERSION "3.0.0"
| #define PACKAGE_STRING "spandsp 3.0.0"
| #define PACKAGE_BUGREPORT ""
| #define PACKAGE_URL ""
| #define PACKAGE "spandsp"
| #define VERSION "3.0.0"
| #define HAVE_STDIO_H 1
| #define HAVE_STDLIB_H 1
| #define HAVE_STRING_H 1
| #define HAVE_INTTYPES_H 1
| #define HAVE_STDINT_H 1
| #define HAVE_STRINGS_H 1
| #define HAVE_SYS_STAT_H 1
| #define HAVE_SYS_TYPES_H 1
| #define HAVE_UNISTD_H 1
| #define HAVE_SYS_SELECT_H 1
| #define HAVE_SYS_SOCKET_H 1
| #define STDC_HEADERS 1
| #define HAVE_DLFCN_H 1
| #define LT_OBJDIR ".libs/"
| #define HAVE_LONG_LONG 1
| #define HAVE_LONG_DOUBLE 1
| #define HAVE_VPRINTF 1
| #define HAVE_MEMMOVE 1
| #define HAVE_REALLOC 1
| #define HAVE_MALLOC 1
| #define SELECT_TYPE_ARG1 int
| #define SELECT_TYPE_ARG234 (fd_set *)
| #define SELECT_TYPE_ARG5 (struct timeval *)
| #define HAVE_LRINT 1
| #define HAVE_LRINTF 1
| #define HAVE_LLRINT 1
| #define HAVE_LLRINTF 1
| #define HAVE_MEMALIGN 1
| #define HAVE_POSIX_MEMALIGN 1
| #define HAVE_MEMMOVE 1
| #define HAVE_MEMSET 1
| #define HAVE_SELECT 1
| #define HAVE_STRCASECMP 1
| #define HAVE_STRCHR 1
| #define HAVE_STRDUP 1
| #define HAVE_STRERROR 1
| #define HAVE_STRSTR 1
| #define HAVE_STRTOL 1
| #define HAVE_GETTIMEOFDAY 1
| #define HAVE_DRAND48 1
| #define HAVE_SYS_WAIT_H 1
| #define HAVE_INTTYPES_H 1
| #define HAVE_STDINT_H 1
| #define HAVE_STDATOMIC_H 1
| #define HAVE_STDBOOL_H 1
| #define HAVE_STDFIX_H 1
| #define HAVE_UNISTD_H 1
| #define HAVE_STDLIB_H 1
| #define HAVE_STRING_H 1
| #define HAVE_STRINGS_H 1
| #define HAVE_MALLOC_H 1
| #define HAVE_MATH_H 1
| #define HAVE_FLOAT_H 1
| #define HAVE_FCNTL_H 1
| #define HAVE_SYS_TIME_H 1
| #define HAVE_SYS_SELECT_H 1
| #define HAVE_SYS_IOCTL_H 1
| #define HAVE_SYS_FCNTL_H 1
| #define HAVE_SNDFILE_H 1
| #define HAVE_FENV_H 1
| /* end confdefs.h.  */
| #include <stddef.h>
| #ifdef HAVE_STDIO_H
| # include <stdio.h>
| #endif
| #ifdef HAVE_STDLIB_H
| # include <stdlib.h>
| #endif
| #ifdef HAVE_STRING_H
| # include <string.h>
| #endif
| #ifdef HAVE_INTTYPES_H
| # include <inttypes.h>
| #endif
| #ifdef HAVE_STDINT_H
| # include <stdint.h>
| #endif
| #ifdef HAVE_STRINGS_H
| # include <strings.h>
| #endif
| #ifdef HAVE_SYS_TYPES_H
| # include <sys/types.h>
| #endif
| #ifdef HAVE_SYS_STAT_H
| # include <sys/stat.h>
| #endif
| #ifdef HAVE_UNISTD_H
| # include <unistd.h>
| #endif
| #include <fftw.h>
configure:19749: result: no
configure:19759: checking for pcap.h
configure:19759: gcc -c    conftest.c >&5
configure:19759: $? = 0
configure:19759: result: yes
configure:19766: checking for pthread.h
configure:19766: gcc -c    conftest.c >&5
configure:19766: $? = 0
configure:19766: result: yes
configure:19784: checking for tgmath.h
configure:19784: gcc -c    conftest.c >&5
configure:19784: $? = 0
configure:19784: result: yes
configure:19797: checking for X11/X.h
configure:19797: gcc -c    conftest.c >&5
conftest.c:102:10: fatal error: X11/X.h: No such file or directory
  102 | #include <X11/X.h>
      |          ^~~~~~~~~
compilation terminated.
configure:19797: $? = 1
configure: failed program was:
| /* confdefs.h */
| #define PACKAGE_NAME "spandsp"
| #define PACKAGE_TARNAME "spandsp"
| #define PACKAGE_VERSION "3.0.0"
| #define PACKAGE_STRING "spandsp 3.0.0"
| #define PACKAGE_BUGREPORT ""
| #define PACKAGE_URL ""
| #define PACKAGE "spandsp"
| #define VERSION "3.0.0"
| #define HAVE_STDIO_H 1
| #define HAVE_STDLIB_H 1
| #define HAVE_STRING_H 1
| #define HAVE_INTTYPES_H 1
| #define HAVE_STDINT_H 1
| #define HAVE_STRINGS_H 1
| #define HAVE_SYS_STAT_H 1
| #define HAVE_SYS_TYPES_H 1
| #define HAVE_UNISTD_H 1
| #define HAVE_SYS_SELECT_H 1
| #define HAVE_SYS_SOCKET_H 1
| #define STDC_HEADERS 1
| #define HAVE_DLFCN_H 1
| #define LT_OBJDIR ".libs/"
| #define HAVE_LONG_LONG 1
| #define HAVE_LONG_DOUBLE 1
| #define HAVE_VPRINTF 1
| #define HAVE_MEMMOVE 1
| #define HAVE_REALLOC 1
| #define HAVE_MALLOC 1
| #define SELECT_TYPE_ARG1 int
| #define SELECT_TYPE_ARG234 (fd_set *)
| #define SELECT_TYPE_ARG5 (struct timeval *)
| #define HAVE_LRINT 1
| #define HAVE_LRINTF 1
| #define HAVE_LLRINT 1
| #define HAVE_LLRINTF 1
| #define HAVE_MEMALIGN 1
| #define HAVE_POSIX_MEMALIGN 1
| #define HAVE_MEMMOVE 1
| #define HAVE_MEMSET 1
| #define HAVE_SELECT 1
| #define HAVE_STRCASECMP 1
| #define HAVE_STRCHR 1
| #define HAVE_STRDUP 1
| #define HAVE_STRERROR 1
| #define HAVE_STRSTR 1
| #define HAVE_STRTOL 1
| #define HAVE_GETTIMEOFDAY 1
| #define HAVE_DRAND48 1
| #define HAVE_SYS_WAIT_H 1
| #define HAVE_INTTYPES_H 1
| #define HAVE_STDINT_H 1
| #define HAVE_STDATOMIC_H 1
| #define HAVE_STDBOOL_H 1
| #define HAVE_STDFIX_H 1
| #define HAVE_UNISTD_H 1
| #define HAVE_STDLIB_H 1
| #define HAVE_STRING_H 1
| #define HAVE_STRINGS_H 1
| #define HAVE_MALLOC_H 1
| #define HAVE_MATH_H 1
| #define HAVE_FLOAT_H 1
| #define HAVE_FCNTL_H 1
| #define HAVE_SYS_TIME_H 1
| #define HAVE_SYS_SELECT_H 1
| #define HAVE_SYS_IOCTL_H 1
| #define HAVE_SYS_FCNTL_H 1
| #define HAVE_SNDFILE_H 1
| #define HAVE_FENV_H 1
| #define HAVE_PCAP_H 1
| #define HAVE_PTHREAD_H 1
| #define HAVE_TGMATH_H 1
| /* end confdefs.h.  */
| #include <stddef.h>
| #ifdef HAVE_STDIO_H
| # include <stdio.h>
| #endif
| #ifdef HAVE_STDLIB_H
| # include <stdlib.h>
| #endif
| #ifdef HAVE_STRING_H
| # include <string.h>
| #endif
| #ifdef HAVE_INTTYPES_H
| # include <inttypes.h>
| #endif
| #ifdef HAVE_STDINT_H
| # include <stdint.h>
| #endif
| #ifdef HAVE_STRINGS_H
| # include <strings.h>
| #endif
| #ifdef HAVE_SYS_TYPES_H
| # include <sys/types.h>
| #endif
| #ifdef HAVE_SYS_STAT_H
| # include <sys/stat.h>
| #endif
| #ifdef HAVE_UNISTD_H
| # include <unistd.h>
| #endif
| #include <X11/X.h>
configure:19797: result: no
configure:19807: checking for libxml/xmlmemory.h
configure:19822: gcc -c    conftest.c >&5
conftest.c:74:10: fatal error: libxml/xmlmemory.h: No such file or directory
   74 | #include <libxml/xmlmemory.h>
      |          ^~~~~~~~~~~~~~~~~~~~
compilation terminated.
configure:19822: $? = 1
configure: failed program was:
| /* confdefs.h */
| #define PACKAGE_NAME "spandsp"
| #define PACKAGE_TARNAME "spandsp"
| #define PACKAGE_VERSION "3.0.0"
| #define PACKAGE_STRING "spandsp 3.0.0"
| #define PACKAGE_BUGREPORT ""
| #define PACKAGE_URL ""
| #define PACKAGE "spandsp"
| #define VERSION "3.0.0"
| #define HAVE_STDIO_H 1
| #define HAVE_STDLIB_H 1
| #define HAVE_STRING_H 1
| #define HAVE_INTTYPES_H 1
| #define HAVE_STDINT_H 1
| #define HAVE_STRINGS_H 1
| #define HAVE_SYS_STAT_H 1
| #define HAVE_SYS_TYPES_H 1
| #define HAVE_UNISTD_H 1
| #define HAVE_SYS_SELECT_H 1
| #define HAVE_SYS_SOCKET_H 1
| #define STDC_HEADERS 1
| #define HAVE_DLFCN_H 1
| #define LT_OBJDIR ".libs/"
| #define HAVE_LONG_LONG 1
| #define HAVE_LONG_DOUBLE 1
| #define HAVE_VPRINTF 1
| #define HAVE_MEMMOVE 1
| #define HAVE_REALLOC 1
| #define HAVE_MALLOC 1
| #define SELECT_TYPE_ARG1 int
| #define SELECT_TYPE_ARG234 (fd_set *)
| #define SELECT_TYPE_ARG5 (struct timeval *)
| #define HAVE_LRINT 1
| #define HAVE_LRINTF 1
| #define HAVE_LLRINT 1
| #define HAVE_LLRINTF 1
| #define HAVE_MEMALIGN 1
| #define HAVE_POSIX_MEMALIGN 1
| #define HAVE_MEMMOVE 1
| #define HAVE_MEMSET 1
| #define HAVE_SELECT 1
| #define HAVE_STRCASECMP 1
| #define HAVE_STRCHR 1
| #define HAVE_STRDUP 1
| #define HAVE_STRERROR 1
| #define HAVE_STRSTR 1
| #define HAVE_STRTOL 1
| #define HAVE_GETTIMEOFDAY 1
| #define HAVE_DRAND48 1
| #define HAVE_SYS_WAIT_H 1
| #define HAVE_INTTYPES_H 1
| #define HAVE_STDINT_H 1
| #define HAVE_STDATOMIC_H 1
| #define HAVE_STDBOOL_H 1
| #define HAVE_STDFIX_H 1
| #define HAVE_UNISTD_H 1
| #define HAVE_STDLIB_H 1
| #define HAVE_STRING_H 1
| #define HAVE_STRINGS_H 1
| #define HAVE_MALLOC_H 1
| #define HAVE_MATH_H 1
| #define HAVE_FLOAT_H 1
| #define HAVE_FCNTL_H 1
| #define HAVE_SYS_TIME_H 1
| #define HAVE_SYS_SELECT_H 1
| #define HAVE_SYS_IOCTL_H 1
| #define HAVE_SYS_FCNTL_H 1
| #define HAVE_SNDFILE_H 1
| #define HAVE_FENV_H 1
| #define HAVE_PCAP_H 1
| #define HAVE_PTHREAD_H 1
| #define HAVE_TGMATH_H 1
| /* end confdefs.h.  */
| #include <libxml/xmlmemory.h>
| int
| main (void)
| {
| int a = 1;
|   ;
|   return 0;
| }
configure:19846: gcc -c    -I/usr/include conftest.c >&5
conftest.c:74:10: fatal error: libxml/xmlmemory.h: No such file or directory
   74 | #include <libxml/xmlmemory.h>
      |          ^~~~~~~~~~~~~~~~~~~~
compilation terminated.
configure:19846: $? = 1
configure: failed program was:
| /* confdefs.h */
| #define PACKAGE_NAME "spandsp"
| #define PACKAGE_TARNAME "spandsp"
| #define PACKAGE_VERSION "3.0.0"
| #define PACKAGE_STRING "spandsp 3.0.0"
| #define PACKAGE_BUGREPORT ""
| #define PACKAGE_URL ""
| #define PACKAGE "spandsp"
| #define VERSION "3.0.0"
| #define HAVE_STDIO_H 1
| #define HAVE_STDLIB_H 1
| #define HAVE_STRING_H 1
| #define HAVE_INTTYPES_H 1
| #define HAVE_STDINT_H 1
| #define HAVE_STRINGS_H 1
| #define HAVE_SYS_STAT_H 1
| #define HAVE_SYS_TYPES_H 1
| #define HAVE_UNISTD_H 1
| #define HAVE_SYS_SELECT_H 1
| #define HAVE_SYS_SOCKET_H 1
| #define STDC_HEADERS 1
| #define HAVE_DLFCN_H 1
| #define LT_OBJDIR ".libs/"
| #define HAVE_LONG_LONG 1
| #define HAVE_LONG_DOUBLE 1
| #define HAVE_VPRINTF 1
| #define HAVE_MEMMOVE 1
| #define HAVE_REALLOC 1
| #define HAVE_MALLOC 1
| #define SELECT_TYPE_ARG1 int
| #define SELECT_TYPE_ARG234 (fd_set *)
| #define SELECT_TYPE_ARG5 (struct timeval *)
| #define HAVE_LRINT 1
| #define HAVE_LRINTF 1
| #define HAVE_LLRINT 1
| #define HAVE_LLRINTF 1
| #define HAVE_MEMALIGN 1
| #define HAVE_POSIX_MEMALIGN 1
| #define HAVE_MEMMOVE 1
| #define HAVE_MEMSET 1
| #define HAVE_SELECT 1
| #define HAVE_STRCASECMP 1
| #define HAVE_STRCHR 1
| #define HAVE_STRDUP 1
| #define HAVE_STRERROR 1
| #define HAVE_STRSTR 1
| #define HAVE_STRTOL 1
| #define HAVE_GETTIMEOFDAY 1
| #define HAVE_DRAND48 1
| #define HAVE_SYS_WAIT_H 1
| #define HAVE_INTTYPES_H 1
| #define HAVE_STDINT_H 1
| #define HAVE_STDATOMIC_H 1
| #define HAVE_STDBOOL_H 1
| #define HAVE_STDFIX_H 1
| #define HAVE_UNISTD_H 1
| #define HAVE_STDLIB_H 1
| #define HAVE_STRING_H 1
| #define HAVE_STRINGS_H 1
| #define HAVE_MALLOC_H 1
| #define HAVE_MATH_H 1
| #define HAVE_FLOAT_H 1
| #define HAVE_FCNTL_H 1
| #define HAVE_SYS_TIME_H 1
| #define HAVE_SYS_SELECT_H 1
| #define HAVE_SYS_IOCTL_H 1
| #define HAVE_SYS_FCNTL_H 1
| #define HAVE_SNDFILE_H 1
| #define HAVE_FENV_H 1
| #define HAVE_PCAP_H 1
| #define HAVE_PTHREAD_H 1
| #define HAVE_TGMATH_H 1
| /* end confdefs.h.  */
| #include <libxml/xmlmemory.h>
| int
| main (void)
| {
| int a = 1;
|   ;
|   return 0;
| }
configure:19846: gcc -c    -I/usr/local/include conftest.c >&5
conftest.c:74:10: fatal error: libxml/xmlmemory.h: No such file or directory
   74 | #include <libxml/xmlmemory.h>
      |          ^~~~~~~~~~~~~~~~~~~~
compilation terminated.
configure:19846: $? = 1
configure: failed program was:
| /* confdefs.h */
| #define PACKAGE_NAME "spandsp"
| #define PACKAGE_TARNAME "spandsp"
| #define PACKAGE_VERSION "3.0.0"
| #define PACKAGE_STRING "spandsp 3.0.0"
| #define PACKAGE_BUGREPORT ""
| #define PACKAGE_URL ""
| #define PACKAGE "spandsp"
| #define VERSION "3.0.0"
| #define HAVE_STDIO_H 1
| #define HAVE_STDLIB_H 1
| #define HAVE_STRING_H 1
| #define HAVE_INTTYPES_H 1
| #define HAVE_STDINT_H 1
| #define HAVE_STRINGS_H 1
| #define HAVE_SYS_STAT_H 1
| #define HAVE_SYS_TYPES_H 1
| #define HAVE_UNISTD_H 1
| #define HAVE_SYS_SELECT_H 1
| #define HAVE_SYS_SOCKET_H 1
| #define STDC_HEADERS 1
| #define HAVE_DLFCN_H 1
| #define LT_OBJDIR ".libs/"
| #define HAVE_LONG_LONG 1
| #define HAVE_LONG_DOUBLE 1
| #define HAVE_VPRINTF 1
| #define HAVE_MEMMOVE 1
| #define HAVE_REALLOC 1
| #define HAVE_MALLOC 1
| #define SELECT_TYPE_ARG1 int
| #define SELECT_TYPE_ARG234 (fd_set *)
| #define SELECT_TYPE_ARG5 (struct timeval *)
| #define HAVE_LRINT 1
| #define HAVE_LRINTF 1
| #define HAVE_LLRINT 1
| #define HAVE_LLRINTF 1
| #define HAVE_MEMALIGN 1
| #define HAVE_POSIX_MEMALIGN 1
| #define HAVE_MEMMOVE 1
| #define HAVE_MEMSET 1
| #define HAVE_SELECT 1
| #define HAVE_STRCASECMP 1
| #define HAVE_STRCHR 1
| #define HAVE_STRDUP 1
| #define HAVE_STRERROR 1
| #define HAVE_STRSTR 1
| #define HAVE_STRTOL 1
| #define HAVE_GETTIMEOFDAY 1
| #define HAVE_DRAND48 1
| #define HAVE_SYS_WAIT_H 1
| #define HAVE_INTTYPES_H 1
| #define HAVE_STDINT_H 1
| #define HAVE_STDATOMIC_H 1
| #define HAVE_STDBOOL_H 1
| #define HAVE_STDFIX_H 1
| #define HAVE_UNISTD_H 1
| #define HAVE_STDLIB_H 1
| #define HAVE_STRING_H 1
| #define HAVE_STRINGS_H 1
| #define HAVE_MALLOC_H 1
| #define HAVE_MATH_H 1
| #define HAVE_FLOAT_H 1
| #define HAVE_FCNTL_H 1
| #define HAVE_SYS_TIME_H 1
| #define HAVE_SYS_SELECT_H 1
| #define HAVE_SYS_IOCTL_H 1
| #define HAVE_SYS_FCNTL_H 1
| #define HAVE_SNDFILE_H 1
| #define HAVE_FENV_H 1
| #define HAVE_PCAP_H 1
| #define HAVE_PTHREAD_H 1
| #define HAVE_TGMATH_H 1
| /* end confdefs.h.  */
| #include <libxml/xmlmemory.h>
| int
| main (void)
| {
| int a = 1;
|   ;
|   return 0;
| }
configure:19846: gcc -c    -I/usr/include/libxml2 conftest.c >&5
configure:19846: $? = 0
configure:19861: checking for libxml/xmlmemory.h
configure:19861: gcc -c    -I/usr/include/libxml2 conftest.c >&5
configure:19861: $? = 0
configure:19861: result: yes
configure:19868: checking for libxml/parser.h
configure:19868: gcc -c    -I/usr/include/libxml2 conftest.c >&5
configure:19868: $? = 0
configure:19868: result: yes
configure:19875: checking for libxml/xinclude.h
configure:19875: gcc -c    -I/usr/include/libxml2 conftest.c >&5
configure:19875: $? = 0
configure:19875: result: yes
configure:19889: checking for FL/Fl.H
configure:19889: g++ -c    -I/usr/include/libxml2 conftest.cpp >&5
conftest.cpp:105:10: fatal error: FL/Fl.H: No such file or directory
  105 | #include <FL/Fl.H>
      |          ^~~~~~~~~
compilation terminated.
configure:19889: $? = 1
configure: failed program was:
| /* confdefs.h */
| #define PACKAGE_NAME "spandsp"
| #define PACKAGE_TARNAME "spandsp"
| #define PACKAGE_VERSION "3.0.0"
| #define PACKAGE_STRING "spandsp 3.0.0"
| #define PACKAGE_BUGREPORT ""
| #define PACKAGE_URL ""
| #define PACKAGE "spandsp"
| #define VERSION "3.0.0"
| #define HAVE_STDIO_H 1
| #define HAVE_STDLIB_H 1
| #define HAVE_STRING_H 1
| #define HAVE_INTTYPES_H 1
| #define HAVE_STDINT_H 1
| #define HAVE_STRINGS_H 1
| #define HAVE_SYS_STAT_H 1
| #define HAVE_SYS_TYPES_H 1
| #define HAVE_UNISTD_H 1
| #define HAVE_SYS_SELECT_H 1
| #define HAVE_SYS_SOCKET_H 1
| #define STDC_HEADERS 1
| #define HAVE_DLFCN_H 1
| #define LT_OBJDIR ".libs/"
| #define HAVE_LONG_LONG 1
| #define HAVE_LONG_DOUBLE 1
| #define HAVE_VPRINTF 1
| #define HAVE_MEMMOVE 1
| #define HAVE_REALLOC 1
| #define HAVE_MALLOC 1
| #define SELECT_TYPE_ARG1 int
| #define SELECT_TYPE_ARG234 (fd_set *)
| #define SELECT_TYPE_ARG5 (struct timeval *)
| #define HAVE_LRINT 1
| #define HAVE_LRINTF 1
| #define HAVE_LLRINT 1
| #define HAVE_LLRINTF 1
| #define HAVE_MEMALIGN 1
| #define HAVE_POSIX_MEMALIGN 1
| #define HAVE_MEMMOVE 1
| #define HAVE_MEMSET 1
| #define HAVE_SELECT 1
| #define HAVE_STRCASECMP 1
| #define HAVE_STRCHR 1
| #define HAVE_STRDUP 1
| #define HAVE_STRERROR 1
| #define HAVE_STRSTR 1
| #define HAVE_STRTOL 1
| #define HAVE_GETTIMEOFDAY 1
| #define HAVE_DRAND48 1
| #define HAVE_SYS_WAIT_H 1
| #define HAVE_INTTYPES_H 1
| #define HAVE_STDINT_H 1
| #define HAVE_STDATOMIC_H 1
| #define HAVE_STDBOOL_H 1
| #define HAVE_STDFIX_H 1
| #define HAVE_UNISTD_H 1
| #define HAVE_STDLIB_H 1
| #define HAVE_STRING_H 1
| #define HAVE_STRINGS_H 1
| #define HAVE_MALLOC_H 1
| #define HAVE_MATH_H 1
| #define HAVE_FLOAT_H 1
| #define HAVE_FCNTL_H 1
| #define HAVE_SYS_TIME_H 1
| #define HAVE_SYS_SELECT_H 1
| #define HAVE_SYS_IOCTL_H 1
| #define HAVE_SYS_FCNTL_H 1
| #define HAVE_SNDFILE_H 1
| #define HAVE_FENV_H 1
| #define HAVE_PCAP_H 1
| #define HAVE_PTHREAD_H 1
| #define HAVE_TGMATH_H 1
| #define HAVE_LIBXML_XMLMEMORY_H 1
| #define HAVE_LIBXML_PARSER_H 1
| #define HAVE_LIBXML_XINCLUDE_H 1
| /* end confdefs.h.  */
| #include <stddef.h>
| #ifdef HAVE_STDIO_H
| # include <stdio.h>
| #endif
| #ifdef HAVE_STDLIB_H
| # include <stdlib.h>
| #endif
| #ifdef HAVE_STRING_H
| # include <string.h>
| #endif
| #ifdef HAVE_INTTYPES_H
| # include <inttypes.h>
| #endif
| #ifdef HAVE_STDINT_H
| # include <stdint.h>
| #endif
| #ifdef HAVE_STRINGS_H
| # include <strings.h>
| #endif
| #ifdef HAVE_SYS_TYPES_H
| # include <sys/types.h>
| #endif
| #ifdef HAVE_SYS_STAT_H
| # include <sys/stat.h>
| #endif
| #ifdef HAVE_UNISTD_H
| # include <unistd.h>
| #endif
| #include <FL/Fl.H>
configure:19889: result: no
configure:19896: checking for FL/Fl_Overlay_Window.H
configure:19896: g++ -c    -I/usr/include/libxml2 conftest.cpp >&5
conftest.cpp:105:10: fatal error: FL/Fl_Overlay_Window.H: No such file or directory
  105 | #include <FL/Fl_Overlay_Window.H>
      |          ^~~~~~~~~~~~~~~~~~~~~~~~
compilation terminated.
configure:19896: $? = 1
configure: failed program was:
| /* confdefs.h */
| #define PACKAGE_NAME "spandsp"
| #define PACKAGE_TARNAME "spandsp"
| #define PACKAGE_VERSION "3.0.0"
| #define PACKAGE_STRING "spandsp 3.0.0"
| #define PACKAGE_BUGREPORT ""
| #define PACKAGE_URL ""
| #define PACKAGE "spandsp"
| #define VERSION "3.0.0"
| #define HAVE_STDIO_H 1
| #define HAVE_STDLIB_H 1
| #define HAVE_STRING_H 1
| #define HAVE_INTTYPES_H 1
| #define HAVE_STDINT_H 1
| #define HAVE_STRINGS_H 1
| #define HAVE_SYS_STAT_H 1
| #define HAVE_SYS_TYPES_H 1
| #define HAVE_UNISTD_H 1
| #define HAVE_SYS_SELECT_H 1
| #define HAVE_SYS_SOCKET_H 1
| #define STDC_HEADERS 1
| #define HAVE_DLFCN_H 1
| #define LT_OBJDIR ".libs/"
| #define HAVE_LONG_LONG 1
| #define HAVE_LONG_DOUBLE 1
| #define HAVE_VPRINTF 1
| #define HAVE_MEMMOVE 1
| #define HAVE_REALLOC 1
| #define HAVE_MALLOC 1
| #define SELECT_TYPE_ARG1 int
| #define SELECT_TYPE_ARG234 (fd_set *)
| #define SELECT_TYPE_ARG5 (struct timeval *)
| #define HAVE_LRINT 1
| #define HAVE_LRINTF 1
| #define HAVE_LLRINT 1
| #define HAVE_LLRINTF 1
| #define HAVE_MEMALIGN 1
| #define HAVE_POSIX_MEMALIGN 1
| #define HAVE_MEMMOVE 1
| #define HAVE_MEMSET 1
| #define HAVE_SELECT 1
| #define HAVE_STRCASECMP 1
| #define HAVE_STRCHR 1
| #define HAVE_STRDUP 1
| #define HAVE_STRERROR 1
| #define HAVE_STRSTR 1
| #define HAVE_STRTOL 1
| #define HAVE_GETTIMEOFDAY 1
| #define HAVE_DRAND48 1
| #define HAVE_SYS_WAIT_H 1
| #define HAVE_INTTYPES_H 1
| #define HAVE_STDINT_H 1
| #define HAVE_STDATOMIC_H 1
| #define HAVE_STDBOOL_H 1
| #define HAVE_STDFIX_H 1
| #define HAVE_UNISTD_H 1
| #define HAVE_STDLIB_H 1
| #define HAVE_STRING_H 1
| #define HAVE_STRINGS_H 1
| #define HAVE_MALLOC_H 1
| #define HAVE_MATH_H 1
| #define HAVE_FLOAT_H 1
| #define HAVE_FCNTL_H 1
| #define HAVE_SYS_TIME_H 1
| #define HAVE_SYS_SELECT_H 1
| #define HAVE_SYS_IOCTL_H 1
| #define HAVE_SYS_FCNTL_H 1
| #define HAVE_SNDFILE_H 1
| #define HAVE_FENV_H 1
| #define HAVE_PCAP_H 1
| #define HAVE_PTHREAD_H 1
| #define HAVE_TGMATH_H 1
| #define HAVE_LIBXML_XMLMEMORY_H 1
| #define HAVE_LIBXML_PARSER_H 1
| #define HAVE_LIBXML_XINCLUDE_H 1
| /* end confdefs.h.  */
| #include <stddef.h>
| #ifdef HAVE_STDIO_H
| # include <stdio.h>
| #endif
| #ifdef HAVE_STDLIB_H
| # include <stdlib.h>
| #endif
| #ifdef HAVE_STRING_H
| # include <string.h>
| #endif
| #ifdef HAVE_INTTYPES_H
| # include <inttypes.h>
| #endif
| #ifdef HAVE_STDINT_H
| # include <stdint.h>
| #endif
| #ifdef HAVE_STRINGS_H
| # include <strings.h>
| #endif
| #ifdef HAVE_SYS_TYPES_H
| # include <sys/types.h>
| #endif
| #ifdef HAVE_SYS_STAT_H
| # include <sys/stat.h>
| #endif
| #ifdef HAVE_UNISTD_H
| # include <unistd.h>
| #endif
| #include <FL/Fl_Overlay_Window.H>
configure:19896: result: no
configure:19903: checking for FL/Fl_Light_Button.H
configure:19903: g++ -c    -I/usr/include/libxml2 conftest.cpp >&5
conftest.cpp:105:10: fatal error: FL/Fl_Light_Button.H: No such file or directory
  105 | #include <FL/Fl_Light_Button.H>
      |          ^~~~~~~~~~~~~~~~~~~~~~
compilation terminated.
configure:19903: $? = 1
configure: failed program was:
| /* confdefs.h */
| #define PACKAGE_NAME "spandsp"
| #define PACKAGE_TARNAME "spandsp"
| #define PACKAGE_VERSION "3.0.0"
| #define PACKAGE_STRING "spandsp 3.0.0"
| #define PACKAGE_BUGREPORT ""
| #define PACKAGE_URL ""
| #define PACKAGE "spandsp"
| #define VERSION "3.0.0"
| #define HAVE_STDIO_H 1
| #define HAVE_STDLIB_H 1
| #define HAVE_STRING_H 1
| #define HAVE_INTTYPES_H 1
| #define HAVE_STDINT_H 1
| #define HAVE_STRINGS_H 1
| #define HAVE_SYS_STAT_H 1
| #define HAVE_SYS_TYPES_H 1
| #define HAVE_UNISTD_H 1
| #define HAVE_SYS_SELECT_H 1
| #define HAVE_SYS_SOCKET_H 1
| #define STDC_HEADERS 1
| #define HAVE_DLFCN_H 1
| #define LT_OBJDIR ".libs/"
| #define HAVE_LONG_LONG 1
| #define HAVE_LONG_DOUBLE 1
| #define HAVE_VPRINTF 1
| #define HAVE_MEMMOVE 1
| #define HAVE_REALLOC 1
| #define HAVE_MALLOC 1
| #define SELECT_TYPE_ARG1 int
| #define SELECT_TYPE_ARG234 (fd_set *)
| #define SELECT_TYPE_ARG5 (struct timeval *)
| #define HAVE_LRINT 1
| #define HAVE_LRINTF 1
| #define HAVE_LLRINT 1
| #define HAVE_LLRINTF 1
| #define HAVE_MEMALIGN 1
| #define HAVE_POSIX_MEMALIGN 1
| #define HAVE_MEMMOVE 1
| #define HAVE_MEMSET 1
| #define HAVE_SELECT 1
| #define HAVE_STRCASECMP 1
| #define HAVE_STRCHR 1
| #define HAVE_STRDUP 1
| #define HAVE_STRERROR 1
| #define HAVE_STRSTR 1
| #define HAVE_STRTOL 1
| #define HAVE_GETTIMEOFDAY 1
| #define HAVE_DRAND48 1
| #define HAVE_SYS_WAIT_H 1
| #define HAVE_INTTYPES_H 1
| #define HAVE_STDINT_H 1
| #define HAVE_STDATOMIC_H 1
| #define HAVE_STDBOOL_H 1
| #define HAVE_STDFIX_H 1
| #define HAVE_UNISTD_H 1
| #define HAVE_STDLIB_H 1
| #define HAVE_STRING_H 1
| #define HAVE_STRINGS_H 1
| #define HAVE_MALLOC_H 1
| #define HAVE_MATH_H 1
| #define HAVE_FLOAT_H 1
| #define HAVE_FCNTL_H 1
| #define HAVE_SYS_TIME_H 1
| #define HAVE_SYS_SELECT_H 1
| #define HAVE_SYS_IOCTL_H 1
| #define HAVE_SYS_FCNTL_H 1
| #define HAVE_SNDFILE_H 1
| #define HAVE_FENV_H 1
| #define HAVE_PCAP_H 1
| #define HAVE_PTHREAD_H 1
| #define HAVE_TGMATH_H 1
| #define HAVE_LIBXML_XMLMEMORY_H 1
| #define HAVE_LIBXML_PARSER_H 1
| #define HAVE_LIBXML_XINCLUDE_H 1
| /* end confdefs.h.  */
| #include <stddef.h>
| #ifdef HAVE_STDIO_H
| # include <stdio.h>
| #endif
| #ifdef HAVE_STDLIB_H
| # include <stdlib.h>
| #endif
| #ifdef HAVE_STRING_H
| # include <string.h>
| #endif
| #ifdef HAVE_INTTYPES_H
| # include <inttypes.h>
| #endif
| #ifdef HAVE_STDINT_H
| # include <stdint.h>
| #endif
| #ifdef HAVE_STRINGS_H
| # include <strings.h>
| #endif
| #ifdef HAVE_SYS_TYPES_H
| # include <sys/types.h>
| #endif
| #ifdef HAVE_SYS_STAT_H
| # include <sys/stat.h>
| #endif
| #ifdef HAVE_UNISTD_H
| # include <unistd.h>
| #endif
| #include <FL/Fl_Light_Button.H>
configure:19903: result: no
configure:19910: checking for FL/fl_draw.H
configure:19910: g++ -c    -I/usr/include/libxml2 conftest.cpp >&5
conftest.cpp:105:10: fatal error: FL/fl_draw.H: No such file or directory
  105 | #include <FL/fl_draw.H>
      |          ^~~~~~~~~~~~~~
compilation terminated.
configure:19910: $? = 1
configure: failed program was:
| /* confdefs.h */
| #define PACKAGE_NAME "spandsp"
| #define PACKAGE_TARNAME "spandsp"
| #define PACKAGE_VERSION "3.0.0"
| #define PACKAGE_STRING "spandsp 3.0.0"
| #define PACKAGE_BUGREPORT ""
| #define PACKAGE_URL ""
| #define PACKAGE "spandsp"
| #define VERSION "3.0.0"
| #define HAVE_STDIO_H 1
| #define HAVE_STDLIB_H 1
| #define HAVE_STRING_H 1
| #define HAVE_INTTYPES_H 1
| #define HAVE_STDINT_H 1
| #define HAVE_STRINGS_H 1
| #define HAVE_SYS_STAT_H 1
| #define HAVE_SYS_TYPES_H 1
| #define HAVE_UNISTD_H 1
| #define HAVE_SYS_SELECT_H 1
| #define HAVE_SYS_SOCKET_H 1
| #define STDC_HEADERS 1
| #define HAVE_DLFCN_H 1
| #define LT_OBJDIR ".libs/"
| #define HAVE_LONG_LONG 1
| #define HAVE_LONG_DOUBLE 1
| #define HAVE_VPRINTF 1
| #define HAVE_MEMMOVE 1
| #define HAVE_REALLOC 1
| #define HAVE_MALLOC 1
| #define SELECT_TYPE_ARG1 int
| #define SELECT_TYPE_ARG234 (fd_set *)
| #define SELECT_TYPE_ARG5 (struct timeval *)
| #define HAVE_LRINT 1
| #define HAVE_LRINTF 1
| #define HAVE_LLRINT 1
| #define HAVE_LLRINTF 1
| #define HAVE_MEMALIGN 1
| #define HAVE_POSIX_MEMALIGN 1
| #define HAVE_MEMMOVE 1
| #define HAVE_MEMSET 1
| #define HAVE_SELECT 1
| #define HAVE_STRCASECMP 1
| #define HAVE_STRCHR 1
| #define HAVE_STRDUP 1
| #define HAVE_STRERROR 1
| #define HAVE_STRSTR 1
| #define HAVE_STRTOL 1
| #define HAVE_GETTIMEOFDAY 1
| #define HAVE_DRAND48 1
| #define HAVE_SYS_WAIT_H 1
| #define HAVE_INTTYPES_H 1
| #define HAVE_STDINT_H 1
| #define HAVE_STDATOMIC_H 1
| #define HAVE_STDBOOL_H 1
| #define HAVE_STDFIX_H 1
| #define HAVE_UNISTD_H 1
| #define HAVE_STDLIB_H 1
| #define HAVE_STRING_H 1
| #define HAVE_STRINGS_H 1
| #define HAVE_MALLOC_H 1
| #define HAVE_MATH_H 1
| #define HAVE_FLOAT_H 1
| #define HAVE_FCNTL_H 1
| #define HAVE_SYS_TIME_H 1
| #define HAVE_SYS_SELECT_H 1
| #define HAVE_SYS_IOCTL_H 1
| #define HAVE_SYS_FCNTL_H 1
| #define HAVE_SNDFILE_H 1
| #define HAVE_FENV_H 1
| #define HAVE_PCAP_H 1
| #define HAVE_PTHREAD_H 1
| #define HAVE_TGMATH_H 1
| #define HAVE_LIBXML_XMLMEMORY_H 1
| #define HAVE_LIBXML_PARSER_H 1
| #define HAVE_LIBXML_XINCLUDE_H 1
| /* end confdefs.h.  */
| #include <stddef.h>
| #ifdef HAVE_STDIO_H
| # include <stdio.h>
| #endif
| #ifdef HAVE_STDLIB_H
| # include <stdlib.h>
| #endif
| #ifdef HAVE_STRING_H
| # include <string.h>
| #endif
| #ifdef HAVE_INTTYPES_H
| # include <inttypes.h>
| #endif
| #ifdef HAVE_STDINT_H
| # include <stdint.h>
| #endif
| #ifdef HAVE_STRINGS_H
| # include <strings.h>
| #endif
| #ifdef HAVE_SYS_TYPES_H
| # include <sys/types.h>
| #endif
| #ifdef HAVE_SYS_STAT_H
| # include <sys/stat.h>
| #endif
| #ifdef HAVE_UNISTD_H
| # include <unistd.h>
| #endif
| #include <FL/fl_draw.H>
configure:19910: result: no
configure:19917: checking for FL/Fl_Cartesian.H
configure:19917: g++ -c    -I/usr/include/libxml2 conftest.cpp >&5
conftest.cpp:105:10: fatal error: FL/Fl_Cartesian.H: No such file or directory
  105 | #include <FL/Fl_Cartesian.H>
      |          ^~~~~~~~~~~~~~~~~~~
compilation terminated.
configure:19917: $? = 1
configure: failed program was:
| /* confdefs.h */
| #define PACKAGE_NAME "spandsp"
| #define PACKAGE_TARNAME "spandsp"
| #define PACKAGE_VERSION "3.0.0"
| #define PACKAGE_STRING "spandsp 3.0.0"
| #define PACKAGE_BUGREPORT ""
| #define PACKAGE_URL ""
| #define PACKAGE "spandsp"
| #define VERSION "3.0.0"
| #define HAVE_STDIO_H 1
| #define HAVE_STDLIB_H 1
| #define HAVE_STRING_H 1
| #define HAVE_INTTYPES_H 1
| #define HAVE_STDINT_H 1
| #define HAVE_STRINGS_H 1
| #define HAVE_SYS_STAT_H 1
| #define HAVE_SYS_TYPES_H 1
| #define HAVE_UNISTD_H 1
| #define HAVE_SYS_SELECT_H 1
| #define HAVE_SYS_SOCKET_H 1
| #define STDC_HEADERS 1
| #define HAVE_DLFCN_H 1
| #define LT_OBJDIR ".libs/"
| #define HAVE_LONG_LONG 1
| #define HAVE_LONG_DOUBLE 1
| #define HAVE_VPRINTF 1
| #define HAVE_MEMMOVE 1
| #define HAVE_REALLOC 1
| #define HAVE_MALLOC 1
| #define SELECT_TYPE_ARG1 int
| #define SELECT_TYPE_ARG234 (fd_set *)
| #define SELECT_TYPE_ARG5 (struct timeval *)
| #define HAVE_LRINT 1
| #define HAVE_LRINTF 1
| #define HAVE_LLRINT 1
| #define HAVE_LLRINTF 1
| #define HAVE_MEMALIGN 1
| #define HAVE_POSIX_MEMALIGN 1
| #define HAVE_MEMMOVE 1
| #define HAVE_MEMSET 1
| #define HAVE_SELECT 1
| #define HAVE_STRCASECMP 1
| #define HAVE_STRCHR 1
| #define HAVE_STRDUP 1
| #define HAVE_STRERROR 1
| #define HAVE_STRSTR 1
| #define HAVE_STRTOL 1
| #define HAVE_GETTIMEOFDAY 1
| #define HAVE_DRAND48 1
| #define HAVE_SYS_WAIT_H 1
| #define HAVE_INTTYPES_H 1
| #define HAVE_STDINT_H 1
| #define HAVE_STDATOMIC_H 1
| #define HAVE_STDBOOL_H 1
| #define HAVE_STDFIX_H 1
| #define HAVE_UNISTD_H 1
| #define HAVE_STDLIB_H 1
| #define HAVE_STRING_H 1
| #define HAVE_STRINGS_H 1
| #define HAVE_MALLOC_H 1
| #define HAVE_MATH_H 1
| #define HAVE_FLOAT_H 1
| #define HAVE_FCNTL_H 1
| #define HAVE_SYS_TIME_H 1
| #define HAVE_SYS_SELECT_H 1
| #define HAVE_SYS_IOCTL_H 1
| #define HAVE_SYS_FCNTL_H 1
| #define HAVE_SNDFILE_H 1
| #define HAVE_FENV_H 1
| #define HAVE_PCAP_H 1
| #define HAVE_PTHREAD_H 1
| #define HAVE_TGMATH_H 1
| #define HAVE_LIBXML_XMLMEMORY_H 1
| #define HAVE_LIBXML_PARSER_H 1
| #define HAVE_LIBXML_XINCLUDE_H 1
| /* end confdefs.h.  */
| #include <stddef.h>
| #ifdef HAVE_STDIO_H
| # include <stdio.h>
| #endif
| #ifdef HAVE_STDLIB_H
| # include <stdlib.h>
| #endif
| #ifdef HAVE_STRING_H
| # include <string.h>
| #endif
| #ifdef HAVE_INTTYPES_H
| # include <inttypes.h>
| #endif
| #ifdef HAVE_STDINT_H
| # include <stdint.h>
| #endif
| #ifdef HAVE_STRINGS_H
| # include <strings.h>
| #endif
| #ifdef HAVE_SYS_TYPES_H
| # include <sys/types.h>
| #endif
| #ifdef HAVE_SYS_STAT_H
| # include <sys/stat.h>
| #endif
| #ifdef HAVE_UNISTD_H
| # include <unistd.h>
| #endif
| #include <FL/Fl_Cartesian.H>
configure:19917: result: no
configure:19924: checking for FL/Fl_Audio_Meter.H
configure:19924: g++ -c    -I/usr/include/libxml2 conftest.cpp >&5
conftest.cpp:105:10: fatal error: FL/Fl_Audio_Meter.H: No such file or directory
  105 | #include <FL/Fl_Audio_Meter.H>
      |          ^~~~~~~~~~~~~~~~~~~~~
compilation terminated.
configure:19924: $? = 1
configure: failed program was:
| /* confdefs.h */
| #define PACKAGE_NAME "spandsp"
| #define PACKAGE_TARNAME "spandsp"
| #define PACKAGE_VERSION "3.0.0"
| #define PACKAGE_STRING "spandsp 3.0.0"
| #define PACKAGE_BUGREPORT ""
| #define PACKAGE_URL ""
| #define PACKAGE "spandsp"
| #define VERSION "3.0.0"
| #define HAVE_STDIO_H 1
| #define HAVE_STDLIB_H 1
| #define HAVE_STRING_H 1
| #define HAVE_INTTYPES_H 1
| #define HAVE_STDINT_H 1
| #define HAVE_STRINGS_H 1
| #define HAVE_SYS_STAT_H 1
| #define HAVE_SYS_TYPES_H 1
| #define HAVE_UNISTD_H 1
| #define HAVE_SYS_SELECT_H 1
| #define HAVE_SYS_SOCKET_H 1
| #define STDC_HEADERS 1
| #define HAVE_DLFCN_H 1
| #define LT_OBJDIR ".libs/"
| #define HAVE_LONG_LONG 1
| #define HAVE_LONG_DOUBLE 1
| #define HAVE_VPRINTF 1
| #define HAVE_MEMMOVE 1
| #define HAVE_REALLOC 1
| #define HAVE_MALLOC 1
| #define SELECT_TYPE_ARG1 int
| #define SELECT_TYPE_ARG234 (fd_set *)
| #define SELECT_TYPE_ARG5 (struct timeval *)
| #define HAVE_LRINT 1
| #define HAVE_LRINTF 1
| #define HAVE_LLRINT 1
| #define HAVE_LLRINTF 1
| #define HAVE_MEMALIGN 1
| #define HAVE_POSIX_MEMALIGN 1
| #define HAVE_MEMMOVE 1
| #define HAVE_MEMSET 1
| #define HAVE_SELECT 1
| #define HAVE_STRCASECMP 1
| #define HAVE_STRCHR 1
| #define HAVE_STRDUP 1
| #define HAVE_STRERROR 1
| #define HAVE_STRSTR 1
| #define HAVE_STRTOL 1
| #define HAVE_GETTIMEOFDAY 1
| #define HAVE_DRAND48 1
| #define HAVE_SYS_WAIT_H 1
| #define HAVE_INTTYPES_H 1
| #define HAVE_STDINT_H 1
| #define HAVE_STDATOMIC_H 1
| #define HAVE_STDBOOL_H 1
| #define HAVE_STDFIX_H 1
| #define HAVE_UNISTD_H 1
| #define HAVE_STDLIB_H 1
| #define HAVE_STRING_H 1
| #define HAVE_STRINGS_H 1
| #define HAVE_MALLOC_H 1
| #define HAVE_MATH_H 1
| #define HAVE_FLOAT_H 1
| #define HAVE_FCNTL_H 1
| #define HAVE_SYS_TIME_H 1
| #define HAVE_SYS_SELECT_H 1
| #define HAVE_SYS_IOCTL_H 1
| #define HAVE_SYS_FCNTL_H 1
| #define HAVE_SNDFILE_H 1
| #define HAVE_FENV_H 1
| #define HAVE_PCAP_H 1
| #define HAVE_PTHREAD_H 1
| #define HAVE_TGMATH_H 1
| #define HAVE_LIBXML_XMLMEMORY_H 1
| #define HAVE_LIBXML_PARSER_H 1
| #define HAVE_LIBXML_XINCLUDE_H 1
| /* end confdefs.h.  */
| #include <stddef.h>
| #ifdef HAVE_STDIO_H
| # include <stdio.h>
| #endif
| #ifdef HAVE_STDLIB_H
| # include <stdlib.h>
| #endif
| #ifdef HAVE_STRING_H
| # include <string.h>
| #endif
| #ifdef HAVE_INTTYPES_H
| # include <inttypes.h>
| #endif
| #ifdef HAVE_STDINT_H
| # include <stdint.h>
| #endif
| #ifdef HAVE_STRINGS_H
| # include <strings.h>
| #endif
| #ifdef HAVE_SYS_TYPES_H
| # include <sys/types.h>
| #endif
| #ifdef HAVE_SYS_STAT_H
| # include <sys/stat.h>
| #endif
| #ifdef HAVE_UNISTD_H
| # include <unistd.h>
| #endif
| #include <FL/Fl_Audio_Meter.H>
configure:19924: result: no
configure:19945: checking for NONE/lib/x86_64-linux-gnu
configure:19966: result: no
configure:19973: checking for NONE/lib64
configure:19994: result: no
configure:20001: checking for /usr/X11R6/lib64
configure:20021: result: no
configure:20027: checking for /usr/X11R6/lib
configure:20041: result: no
configure:20055: checking for cos in -lm
configure:20078: gcc -o conftest    -I/usr/include/libxml2   conftest.c -lm   >&5
conftest.c:81:6: warning: conflicting types for built-in function 'cos'; expected 'double(double)' [-Wbuiltin-declaration-mismatch]
   81 | char cos ();
      |      ^~~
conftest.c:1:1: note: 'cos' is declared in header '<math.h>'
    1 | /* confdefs.h */
configure:20078: $? = 0
configure:20088: result: yes
configure:20099: checking for library containing sinf
configure:20129: gcc -o conftest    -I/usr/include/libxml2   conftest.c -lm  >&5
conftest.c:82:6: warning: conflicting types for built-in function 'sinf'; expected 'float(float)' [-Wbuiltin-declaration-mismatch]
   82 | char sinf ();
      |      ^~~~
conftest.c:1:1: note: 'sinf' is declared in header '<math.h>'
    1 | /* confdefs.h */
configure:20129: $? = 0
configure:20149: result: none required
configure:20160: checking for library containing cosf
configure:20190: gcc -o conftest    -I/usr/include/libxml2   conftest.c -lm  >&5
conftest.c:83:6: warning: conflicting types for built-in function 'cosf'; expected 'float(float)' [-Wbuiltin-declaration-mismatch]
   83 | char cosf ();
      |      ^~~~
conftest.c:1:1: note: 'cosf' is declared in header '<math.h>'
    1 | /* confdefs.h */
configure:20190: $? = 0
configure:20210: result: none required
configure:20221: checking for library containing tanf
configure:20251: gcc -o conftest    -I/usr/include/libxml2   conftest.c -lm  >&5
conftest.c:84:6: warning: conflicting types for built-in function 'tanf'; expected 'float(float)' [-Wbuiltin-declaration-mismatch]
   84 | char tanf ();
      |      ^~~~
conftest.c:1:1: note: 'tanf' is declared in header '<math.h>'
    1 | /* confdefs.h */
configure:20251: $? = 0
configure:20271: result: none required
configure:20282: checking for library containing asinf
configure:20312: gcc -o conftest    -I/usr/include/libxml2   conftest.c -lm  >&5
conftest.c:85:6: warning: conflicting types for built-in function 'asinf'; expected 'float(float)' [-Wbuiltin-declaration-mismatch]
   85 | char asinf ();
      |      ^~~~~
conftest.c:1:1: note: 'asinf' is declared in header '<math.h>'
    1 | /* confdefs.h */
configure:20312: $? = 0
configure:20332: result: none required
configure:20343: checking for library containing acosf
configure:20373: gcc -o conftest    -I/usr/include/libxml2   conftest.c -lm  >&5
conftest.c:86:6: warning: conflicting types for built-in function 'acosf'; expected 'float(float)' [-Wbuiltin-declaration-mismatch]
   86 | char acosf ();
      |      ^~~~~
conftest.c:1:1: note: 'acosf' is declared in header '<math.h>'
    1 | /* confdefs.h */
configure:20373: $? = 0
configure:20393: result: none required
configure:20404: checking for library containing atanf
configure:20434: gcc -o conftest    -I/usr/include/libxml2   conftest.c -lm  >&5
conftest.c:87:6: warning: conflicting types for built-in function 'atanf'; expected 'float(float)' [-Wbuiltin-declaration-mismatch]
   87 | char atanf ();
      |      ^~~~~
conftest.c:1:1: note: 'atanf' is declared in header '<math.h>'
    1 | /* confdefs.h */
configure:20434: $? = 0
configure:20454: result: none required
configure:20465: checking for library containing atan2f
configure:20495: gcc -o conftest    -I/usr/include/libxml2   conftest.c -lm  >&5
conftest.c:88:6: warning: conflicting types for built-in function 'atan2f'; expected 'float(float,  float)' [-Wbuiltin-declaration-mismatch]
   88 | char atan2f ();
      |      ^~~~~~
conftest.c:1:1: note: 'atan2f' is declared in header '<math.h>'
    1 | /* confdefs.h */
configure:20495: $? = 0
configure:20515: result: none required
configure:20526: checking for library containing ceilf
configure:20556: gcc -o conftest    -I/usr/include/libxml2   conftest.c -lm  >&5
conftest.c:89:6: warning: conflicting types for built-in function 'ceilf'; expected 'float(float)' [-Wbuiltin-declaration-mismatch]
   89 | char ceilf ();
      |      ^~~~~
conftest.c:1:1: note: 'ceilf' is declared in header '<math.h>'
    1 | /* confdefs.h */
configure:20556: $? = 0
configure:20576: result: none required
configure:20587: checking for library containing floorf
configure:20617: gcc -o conftest    -I/usr/include/libxml2   conftest.c -lm  >&5
conftest.c:90:6: warning: conflicting types for built-in function 'floorf'; expected 'float(float)' [-Wbuiltin-declaration-mismatch]
   90 | char floorf ();
      |      ^~~~~~
conftest.c:1:1: note: 'floorf' is declared in header '<math.h>'
    1 | /* confdefs.h */
configure:20617: $? = 0
configure:20637: result: none required
configure:20648: checking for library containing powf
configure:20678: gcc -o conftest    -I/usr/include/libxml2   conftest.c -lm  >&5
conftest.c:91:6: warning: conflicting types for built-in function 'powf'; expected 'float(float,  float)' [-Wbuiltin-declaration-mismatch]
   91 | char powf ();
      |      ^~~~
conftest.c:1:1: note: 'powf' is declared in header '<math.h>'
    1 | /* confdefs.h */
configure:20678: $? = 0
configure:20698: result: none required
configure:20709: checking for library containing expf
configure:20739: gcc -o conftest    -I/usr/include/libxml2   conftest.c -lm  >&5
conftest.c:92:6: warning: conflicting types for built-in function 'expf'; expected 'float(float)' [-Wbuiltin-declaration-mismatch]
   92 | char expf ();
      |      ^~~~
conftest.c:1:1: note: 'expf' is declared in header '<math.h>'
    1 | /* confdefs.h */
configure:20739: $? = 0
configure:20759: result: none required
configure:20770: checking for library containing logf
configure:20800: gcc -o conftest    -I/usr/include/libxml2   conftest.c -lm  >&5
conftest.c:93:6: warning: conflicting types for built-in function 'logf'; expected 'float(float)' [-Wbuiltin-declaration-mismatch]
   93 | char logf ();
      |      ^~~~
conftest.c:1:1: note: 'logf' is declared in header '<math.h>'
    1 | /* confdefs.h */
configure:20800: $? = 0
configure:20820: result: none required
configure:20831: checking for library containing log10f
configure:20861: gcc -o conftest    -I/usr/include/libxml2   conftest.c -lm  >&5
conftest.c:94:6: warning: conflicting types for built-in function 'log10f'; expected 'float(float)' [-Wbuiltin-declaration-mismatch]
   94 | char log10f ();
      |      ^~~~~~
conftest.c:1:1: note: 'log10f' is declared in header '<math.h>'
    1 | /* confdefs.h */
configure:20861: $? = 0
configure:20881: result: none required
configure:20893: checking for library containing open_memstream
configure:20923: gcc -o conftest    -I/usr/include/libxml2   conftest.c -lm  >&5
configure:20923: $? = 0
configure:20943: result: none required
configure:21679: checking if x86_64-pc-linux-gnu supports library symbol export
configure:21704: gcc -c   -fvisibility=hidden  -I/usr/include/libxml2 conftest.c >&5
configure:21704: $? = 0
configure:21706: result: yes
configure:21753: result: yes
configure:21766: checking whether compiler supports -Wunused-but-set-variable
configure:21787: gcc -c   -Werror -Wunused-but-set-variable  -I/usr/include/libxml2 conftest.c >&5
configure:21787: $? = 0
configure:21796: result: yes
configure:21798: result: yes
configure:21808: checking if x86_64-pc-linux-gnu supports the ARM NEON instruction set
configure:21852: gcc -o conftest   -mfpu=neon -mfloat-abi=hard  -I/usr/include/libxml2   conftest.c -lm  >&5
gcc: error: unrecognized command-line option '-mfpu=neon'
gcc: error: unrecognized command-line option '-mfloat-abi=hard'
configure:21852: $? = 1
configure: program exited with status 1
configure: failed program was:
| /* confdefs.h */
| #define PACKAGE_NAME "spandsp"
| #define PACKAGE_TARNAME "spandsp"
| #define PACKAGE_VERSION "3.0.0"
| #define PACKAGE_STRING "spandsp 3.0.0"
| #define PACKAGE_BUGREPORT ""
| #define PACKAGE_URL ""
| #define PACKAGE "spandsp"
| #define VERSION "3.0.0"
| #define HAVE_STDIO_H 1
| #define HAVE_STDLIB_H 1
| #define HAVE_STRING_H 1
| #define HAVE_INTTYPES_H 1
| #define HAVE_STDINT_H 1
| #define HAVE_STRINGS_H 1
| #define HAVE_SYS_STAT_H 1
| #define HAVE_SYS_TYPES_H 1
| #define HAVE_UNISTD_H 1
| #define HAVE_SYS_SELECT_H 1
| #define HAVE_SYS_SOCKET_H 1
| #define STDC_HEADERS 1
| #define HAVE_DLFCN_H 1
| #define LT_OBJDIR ".libs/"
| #define HAVE_LONG_LONG 1
| #define HAVE_LONG_DOUBLE 1
| #define HAVE_VPRINTF 1
| #define HAVE_MEMMOVE 1
| #define HAVE_REALLOC 1
| #define HAVE_MALLOC 1
| #define SELECT_TYPE_ARG1 int
| #define SELECT_TYPE_ARG234 (fd_set *)
| #define SELECT_TYPE_ARG5 (struct timeval *)
| #define HAVE_LRINT 1
| #define HAVE_LRINTF 1
| #define HAVE_LLRINT 1
| #define HAVE_LLRINTF 1
| #define HAVE_MEMALIGN 1
| #define HAVE_POSIX_MEMALIGN 1
| #define HAVE_MEMMOVE 1
| #define HAVE_MEMSET 1
| #define HAVE_SELECT 1
| #define HAVE_STRCASECMP 1
| #define HAVE_STRCHR 1
| #define HAVE_STRDUP 1
| #define HAVE_STRERROR 1
| #define HAVE_STRSTR 1
| #define HAVE_STRTOL 1
| #define HAVE_GETTIMEOFDAY 1
| #define HAVE_DRAND48 1
| #define HAVE_SYS_WAIT_H 1
| #define HAVE_INTTYPES_H 1
| #define HAVE_STDINT_H 1
| #define HAVE_STDATOMIC_H 1
| #define HAVE_STDBOOL_H 1
| #define HAVE_STDFIX_H 1
| #define HAVE_UNISTD_H 1
| #define HAVE_STDLIB_H 1
| #define HAVE_STRING_H 1
| #define HAVE_STRINGS_H 1
| #define HAVE_MALLOC_H 1
| #define HAVE_MATH_H 1
| #define HAVE_FLOAT_H 1
| #define HAVE_FCNTL_H 1
| #define HAVE_SYS_TIME_H 1
| #define HAVE_SYS_SELECT_H 1
| #define HAVE_SYS_IOCTL_H 1
| #define HAVE_SYS_FCNTL_H 1
| #define HAVE_SNDFILE_H 1
| #define HAVE_FENV_H 1
| #define HAVE_PCAP_H 1
| #define HAVE_PTHREAD_H 1
| #define HAVE_TGMATH_H 1
| #define HAVE_LIBXML_XMLMEMORY_H 1
| #define HAVE_LIBXML_PARSER_H 1
| #define HAVE_LIBXML_XINCLUDE_H 1
| #define HAVE_LIBM 1
| #define HAVE_SINF 1
| #define HAVE_COSF 1
| #define HAVE_TANF 1
| #define HAVE_ASINF 1
| #define HAVE_ACOSF 1
| #define HAVE_ATANF 1
| #define HAVE_ATAN2F 1
| #define HAVE_CEILF 1
| #define HAVE_FLOORF 1
| #define HAVE_POWF 1
| #define HAVE_EXPF 1
| #define HAVE_LOGF 1
| #define HAVE_LOG10F 1
| #define HAVE_OPEN_MEMSTREAM 1
| #define SPANDSP_USE_EXPORT_CAPABILITY 1
| /* end confdefs.h.  */
| 
|                 #include <inttypes.h>
|                 #include <arm_neon.h>
| 
|                 int32x4_t testfunc(int16_t *a, int16_t *b)
|                 {
|                     return vmull_s16(vld1_s16(a), vld1_s16(b));
|                 }
| 
| int
| main (void)
| {
| 
|                 volatile int32x4_t z;
|                 int16_t x[8];
|                 int16_t y[8];
|                 z = testfunc(x, y);
| 
| 
|   ;
|   return 0;
| }
configure:21860: result: no
configure:21872: result: no
configure:22012: checking if x86_64-pc-linux-gnu is fixed point only
configure:22037: result: no
configure:22050: checking if x86_64-pc-linux-gnu fails on misaligned memory access
configure:22073: result: no
configure:22185: checking for tiffio.h
configure:22185: gcc -c    -I/usr/include/libxml2 conftest.c >&5
configure:22185: $? = 0
configure:22185: result: yes
configure:22192: checking for TIFFOpen in -ltiff
configure:22215: gcc -o conftest    -I/usr/include/libxml2   conftest.c -ltiff -lm -lm  >&5
configure:22215: $? = 0
configure:22225: result: yes
configure:22283: checking for TIFFCreateCustomDirectory in -ltiff
configure:22306: gcc -o conftest    -I/usr/include/libxml2   conftest.c -ltiff -lm -ltiff -lm  >&5
configure:22306: $? = 0
configure:22316: result: yes
configure:22341: checking for jpeglib.h
configure:22341: gcc -c    -I/usr/include/libxml2 conftest.c >&5
configure:22341: $? = 0
configure:22341: result: yes
configure:22348: checking for jpeg_start_compress in -ljpeg
configure:22371: gcc -o conftest    -I/usr/include/libxml2   conftest.c -ljpeg  -ltiff -lm  >&5
configure:22371: $? = 0
configure:22381: result: yes
configure:22391: checking for TLS_client_method in -lssl
configure:22414: gcc -o conftest    -I/usr/include/libxml2   conftest.c -lssl -lm -ltiff -lm  >&5
configure:22414: $? = 0
configure:22424: result: yes
configure:22719: checking that generated files are newer than configure
configure:22725: result: done
configure:22816: creating ./config.status

## ---------------------- ##
## Running config.status. ##
## ---------------------- ##

This file was extended by spandsp config.status 3.0.0, which was
generated by GNU Autoconf 2.71.  Invocation command line was

  CONFIG_FILES    = 
  CONFIG_HEADERS  = 
  CONFIG_LINKS    = 
  CONFIG_COMMANDS = 
  $ ./config.status 

on demo

config.status:1297: creating Makefile
config.status:1297: creating doc/Makefile
config.status:1297: creating doc/doxygen
config.status:1297: creating src/Makefile
config.status:1297: creating src/spandsp.h
config.status:1297: creating tools/Makefile
config.status:1297: creating spandsp-sim/Makefile
config.status:1297: creating test-data/Makefile
config.status:1297: creating test-data/bellcore/Makefile
config.status:1297: creating test-data/etsi/Makefile
config.status:1297: creating test-data/etsi/fax/Makefile
config.status:1297: creating test-data/itu/Makefile
config.status:1297: creating test-data/itu/fax/Makefile
config.status:1297: creating test-data/itu/tiff-fx/Makefile
config.status:1297: creating test-data/local/Makefile
config.status:1297: creating test-data/mitel/Makefile
config.status:1297: creating tests/Makefile
config.status:1297: creating spandsp.pc
config.status:1297: creating src/config.h
config.status:1478: src/config.h is unchanged
config.status:1526: executing depfiles commands
config.status:1603: cd src       && sed -e '/# am--include-marker/d' Makefile         | make -f - am--depfiles
make: Nothing to be done for 'am--depfiles'.
config.status:1608: $? = 0
config.status:1603: cd spandsp-sim       && sed -e '/# am--include-marker/d' Makefile         | make -f - am--depfiles
make: Nothing to be done for 'am--depfiles'.
config.status:1608: $? = 0
config.status:1603: cd test-data/etsi/fax       && sed -e '/# am--include-marker/d' Makefile         | make -f - am--depfiles
make: Nothing to be done for 'am--depfiles'.
config.status:1608: $? = 0
config.status:1603: cd test-data/itu/fax       && sed -e '/# am--include-marker/d' Makefile         | make -f - am--depfiles
make: Nothing to be done for 'am--depfiles'.
config.status:1608: $? = 0
config.status:1603: cd tests       && sed -e '/# am--include-marker/d' Makefile         | make -f - am--depfiles
make: Nothing to be done for 'am--depfiles'.
config.status:1608: $? = 0
config.status:1526: executing libtool commands

## ---------------- ##
## Cache variables. ##
## ---------------- ##

ac_cv_build=x86_64-pc-linux-gnu
ac_cv_c99_flexible_array=yes
ac_cv_c99_llrint=yes
ac_cv_c99_llrintf=yes
ac_cv_c99_lrint=yes
ac_cv_c99_lrintf=yes
ac_cv_c_compiler_gnu=yes
ac_cv_c_const=yes
ac_cv_c_inline=inline
ac_cv_c_volatile=yes
ac_cv_cxx_compiler_gnu=yes
ac_cv_env_CCC_set=
ac_cv_env_CCC_value=
ac_cv_env_CC_set=
ac_cv_env_CC_value=
ac_cv_env_CFLAGS_set=
ac_cv_env_CFLAGS_value=
ac_cv_env_CPPFLAGS_set=
ac_cv_env_CPPFLAGS_value=
ac_cv_env_CPP_set=
ac_cv_env_CPP_value=
ac_cv_env_CXXCPP_set=
ac_cv_env_CXXCPP_value=
ac_cv_env_CXXFLAGS_set=
ac_cv_env_CXXFLAGS_value=
ac_cv_env_CXX_set=
ac_cv_env_CXX_value=
ac_cv_env_LDFLAGS_set=
ac_cv_env_LDFLAGS_value=
ac_cv_env_LIBS_set=
ac_cv_env_LIBS_value=
ac_cv_env_LT_SYS_LIBRARY_PATH_set=
ac_cv_env_LT_SYS_LIBRARY_PATH_value=
ac_cv_env_build_alias_set=
ac_cv_env_build_alias_value=
ac_cv_env_host_alias_set=
ac_cv_env_host_alias_value=
ac_cv_env_target_alias_set=
ac_cv_env_target_alias_value=
ac_cv_file__usr_X11R6_lib=no
ac_cv_fixed_point_machine_x86_64_pc_linux_gnu=no
ac_cv_func_drand48=yes
ac_cv_func_gettimeofday=yes
ac_cv_func_malloc_0_nonnull=yes
ac_cv_func_memalign=yes
ac_cv_func_memcmp_working=yes
ac_cv_func_memmove=yes
ac_cv_func_memset=yes
ac_cv_func_posix_memalign=yes
ac_cv_func_realloc_0_nonnull=yes
ac_cv_func_select=yes
ac_cv_func_select_args='int,fd_set *,struct timeval *'
ac_cv_func_strcasecmp=yes
ac_cv_func_strchr=yes
ac_cv_func_strdup=yes
ac_cv_func_strerror=yes
ac_cv_func_strstr=yes
ac_cv_func_strtol=yes
ac_cv_func_vprintf=yes
ac_cv_gcc_unused_but_set_variable=yes
ac_cv_have_working_memmove=yes
ac_cv_header_FL_Fl_Audio_Meter_H=no
ac_cv_header_FL_Fl_Cartesian_H=no
ac_cv_header_FL_Fl_H=no
ac_cv_header_FL_Fl_Light_Button_H=no
ac_cv_header_FL_Fl_Overlay_Window_H=no
ac_cv_header_FL_fl_draw_H=no
ac_cv_header_X11_X_h=no
ac_cv_header_dlfcn_h=yes
ac_cv_header_fcntl_h=yes
ac_cv_header_fenv_h=yes
ac_cv_header_fftw3_h=no
ac_cv_header_fftw_h=no
ac_cv_header_float_h=yes
ac_cv_header_inttypes_h=yes
ac_cv_header_jpeglib_h=yes
ac_cv_header_libxml_parser_h=yes
ac_cv_header_libxml_xinclude_h=yes
ac_cv_header_libxml_xmlmemory_h=yes
ac_cv_header_malloc_h=yes
ac_cv_header_math_h=yes
ac_cv_header_pcap_h=yes
ac_cv_header_pthread_h=yes
ac_cv_header_sndfile_h=yes
ac_cv_header_socket_h=no
ac_cv_header_stdatomic_h=yes
ac_cv_header_stdbool_h=yes
ac_cv_header_stdfix_h=yes
ac_cv_header_stdint_h=yes
ac_cv_header_stdio_h=yes
ac_cv_header_stdlib_h=yes
ac_cv_header_string_h=yes
ac_cv_header_strings_h=yes
ac_cv_header_sys_fcntl_h=yes
ac_cv_header_sys_ioctl_h=yes
ac_cv_header_sys_select_h=yes
ac_cv_header_sys_socket_h=yes
ac_cv_header_sys_stat_h=yes
ac_cv_header_sys_time_h=yes
ac_cv_header_sys_types_h=yes
ac_cv_header_sys_wait_h=yes
ac_cv_header_tgmath_h=yes
ac_cv_header_tiffio_h=yes
ac_cv_header_unistd_h=yes
ac_cv_host=x86_64-pc-linux-gnu
ac_cv_lib_error_at_line=yes
ac_cv_lib_jpeg_jpeg_start_compress=yes
ac_cv_lib_m_cos=yes
ac_cv_lib_ssl_TLS_client_method=yes
ac_cv_lib_tiff_TIFFCreateCustomDirectory=yes
ac_cv_lib_tiff_TIFFOpen=yes
ac_cv_misaligned_access_fails_x86_64_pc_linux_gnu=no
ac_cv_objext=o
ac_cv_path_EGREP='/usr/bin/grep -E'
ac_cv_path_FGREP='/usr/bin/grep -F'
ac_cv_path_GREP=/usr/bin/grep
ac_cv_path_SED=/usr/bin/sed
ac_cv_path_install='/usr/bin/install -c'
ac_cv_path_lt_DD=/usr/bin/dd
ac_cv_path_mkdir=/usr/bin/mkdir
ac_cv_prog_AWK=gawk
ac_cv_prog_CPP='gcc -E'
ac_cv_prog_CXXCPP='g++ -E'
ac_cv_prog_ac_ct_AR=ar
ac_cv_prog_ac_ct_CC=gcc
ac_cv_prog_ac_ct_CXX=g++
ac_cv_prog_ac_ct_FILECMD=file
ac_cv_prog_ac_ct_MANIFEST_TOOL=mt
ac_cv_prog_ac_ct_OBJDUMP=objdump
ac_cv_prog_ac_ct_RANLIB=ranlib
ac_cv_prog_ac_ct_STRIP=strip
ac_cv_prog_cc_c11=
ac_cv_prog_cc_g=yes
ac_cv_prog_cc_stdc=
ac_cv_prog_cxx_cxx11=
ac_cv_prog_cxx_g=yes
ac_cv_prog_cxx_stdcxx=
ac_cv_prog_gcc_traditional=no
ac_cv_prog_make_make_set=yes
ac_cv_real_file_NONE_lib64=no
ac_cv_real_file_NONE_lib_x86_64_linux_gnu=no
ac_cv_real_file__usr_X11R6_lib64=no
ac_cv_search_acosf='none required'
ac_cv_search_asinf='none required'
ac_cv_search_atan2f='none required'
ac_cv_search_atanf='none required'
ac_cv_search_ceilf='none required'
ac_cv_search_cosf='none required'
ac_cv_search_expf='none required'
ac_cv_search_floorf='none required'
ac_cv_search_log10f='none required'
ac_cv_search_logf='none required'
ac_cv_search_open_memstream='none required'
ac_cv_search_powf='none required'
ac_cv_search_sinf='none required'
ac_cv_search_tanf='none required'
ac_cv_symbol_arm_neon=no
ac_cv_symbol_export_capability=yes
ac_cv_type_long_double=yes
ac_cv_type_long_long=yes
am_cv_CC_dependencies_compiler_type=gcc3
am_cv_CXX_dependencies_compiler_type=gcc3
am_cv_make_support_nested_variables=yes
am_cv_prog_cc_c_o=yes
ax_cv_c_compiler_vendor=gnu
ax_cv_func_aligned_alloc=no
lt_cv_ar_at_file=@
lt_cv_archive_cmds_need_lc=no
lt_cv_deplibs_check_method=pass_all
lt_cv_file_magic_cmd='$MAGIC_CMD'
lt_cv_file_magic_test_file=
lt_cv_ld_reload_flag=-r
lt_cv_nm_interface='BSD nm'
lt_cv_objdir=.libs
lt_cv_path_LD=/usr/bin/ld
lt_cv_path_LDCXX='/usr/bin/ld -m elf_x86_64'
lt_cv_path_NM='/usr/bin/nm -B'
lt_cv_path_mainfest_tool=no
lt_cv_prog_compiler_c_o=yes
lt_cv_prog_compiler_c_o_CXX=yes
lt_cv_prog_compiler_pic='-fPIC -DPIC'
lt_cv_prog_compiler_pic_CXX='-fPIC -DPIC'
lt_cv_prog_compiler_pic_works=yes
lt_cv_prog_compiler_pic_works_CXX=yes
lt_cv_prog_compiler_rtti_exceptions=no
lt_cv_prog_compiler_static_works=yes
lt_cv_prog_compiler_static_works_CXX=yes
lt_cv_prog_gnu_ld=yes
lt_cv_prog_gnu_ldcxx=yes
lt_cv_sharedlib_from_linklib_cmd='printf %s\n'
lt_cv_shlibpath_overrides_runpath=yes
lt_cv_sys_global_symbol_pipe='/usr/bin/sed -n -e '\''s/^.*[	 ]\([ABCDGIRSTW][ABCDGIRSTW]*\)[	 ][	 ]*\([_A-Za-z][_A-Za-z0-9]*\)$/\1 \2 \2/p'\'' | /usr/bin/sed '\''/ __gnu_lto/d'\'''
lt_cv_sys_global_symbol_to_c_name_address='/usr/bin/sed -n -e '\''s/^: \(.*\) .*$/  {"\1", (void *) 0},/p'\'' -e '\''s/^[ABCDGIRSTW][ABCDGIRSTW]* .* \(.*\)$/  {"\1", (void *) \&\1},/p'\'''
lt_cv_sys_global_symbol_to_c_name_address_lib_prefix='/usr/bin/sed -n -e '\''s/^: \(.*\) .*$/  {"\1", (void *) 0},/p'\'' -e '\''s/^[ABCDGIRSTW][ABCDGIRSTW]* .* \(lib.*\)$/  {"\1", (void *) \&\1},/p'\'' -e '\''s/^[ABCDGIRSTW][ABCDGIRSTW]* .* \(.*\)$/  {"lib\1", (void *) \&\1},/p'\'''
lt_cv_sys_global_symbol_to_cdecl='/usr/bin/sed -n -e '\''s/^T .* \(.*\)$/extern int \1();/p'\'' -e '\''s/^[ABCDGIRSTW][ABCDGIRSTW]* .* \(.*\)$/extern char \1;/p'\'''
lt_cv_sys_global_symbol_to_import=
lt_cv_sys_max_cmd_len=1572864
lt_cv_to_host_file_cmd=func_convert_file_noop
lt_cv_to_tool_file_cmd=func_convert_file_noop
lt_cv_truncate_bin='/usr/bin/dd bs=4096 count=1'

## ----------------- ##
## Output variables. ##
## ----------------- ##

ACLOCAL='${SHELL} '\''/usr/local/src/OV500/src/spandsp/config/missing'\'' aclocal-1.16'
AMDEPBACKSLASH='\'
AMDEP_FALSE='#'
AMDEP_TRUE=''
AMTAR='$${TAR-tar}'
AM_BACKSLASH='\'
AM_DEFAULT_V='$(AM_DEFAULT_VERBOSITY)'
AM_DEFAULT_VERBOSITY='1'
AM_V='$(V)'
AR='ar'
AUTOCONF='${SHELL} '\''/usr/local/src/OV500/src/spandsp/config/missing'\'' autoconf'
AUTOHEADER='${SHELL} '\''/usr/local/src/OV500/src/spandsp/config/missing'\'' autoheader'
AUTOMAKE='${SHELL} '\''/usr/local/src/OV500/src/spandsp/config/missing'\'' automake-1.16'
AWK='gawk'
CC='gcc'
CCDEPMODE='depmode=gcc3'
CC_FOR_BUILD='$(CC)'
CFLAGS=' '
COMP_VENDOR_CFLAGS='-DNDEBUG -msse2 -Wunused-but-set-variable -std=gnu99 -ffast-math -Wall -Wunused-variable -Wwrite-strings -Wstrict-prototypes -Wmissing-prototypes -fvisibility=hidden -DHAVE_VISIBILITY=1 '
COMP_VENDOR_LDFLAGS=''
COND_AVX2_FALSE=''
COND_AVX2_TRUE='#'
COND_AVX_FALSE=''
COND_AVX_TRUE='#'
COND_DOC_FALSE=''
COND_DOC_TRUE='#'
COND_MMX_FALSE='#'
COND_MMX_TRUE=''
COND_NEON_FALSE=''
COND_NEON_TRUE='#'
COND_SSE2_FALSE='#'
COND_SSE2_TRUE=''
COND_SSE3_FALSE=''
COND_SSE3_TRUE='#'
COND_SSE4_1_FALSE=''
COND_SSE4_1_TRUE='#'
COND_SSE4_2_FALSE=''
COND_SSE4_2_TRUE='#'
COND_SSE_FALSE='#'
COND_SSE_TRUE=''
COND_SSLFAX_FALSE=''
COND_SSLFAX_TRUE='#'
COND_SSSE3_FALSE=''
COND_SSSE3_TRUE='#'
COND_TESTS_FALSE=''
COND_TESTS_TRUE='#'
COND_V32BIS_FALSE=''
COND_V32BIS_TRUE='#'
COND_V34_FALSE=''
COND_V34_TRUE='#'
CPP='gcc -E'
CPPFLAGS=' -I/usr/include/libxml2'
CPPFLAGS_FOR_BUILD='$(CPPFLAGS)'
CSCOPE='cscope'
CTAGS='ctags'
CXX='g++'
CXXCPP='g++ -E'
CXXDEPMODE='depmode=gcc3'
CXXFLAGS=' '
CYGPATH_W='echo'
DEFS='-DHAVE_CONFIG_H'
DEPDIR='.deps'
DLLTOOL='false'
DSYMUTIL=''
DUMPBIN=''
ECHO_C=''
ECHO_N='-n'
ECHO_T=''
EGREP='/usr/bin/grep -E'
ETAGS='etags'
EXEEXT=''
FGREP='/usr/bin/grep -F'
FILECMD='file'
GREP='/usr/bin/grep'
HAVE_FAX2TIFF=''
HAVE_PBMTOG3=''
HAVE_SOX=''
INSERT_INTTYPES_HEADER='#include <inttypes.h>'
INSERT_MATH_HEADER='#include <math.h>'
INSERT_STDBOOL_HEADER='#include <stdbool.h>'
INSERT_STDINT_HEADER='#include <stdint.h>'
INSERT_TGMATH_HEADER='#include <tgmath.h>'
INSTALL_DATA='${INSTALL} -m 644'
INSTALL_PROGRAM='${INSTALL}'
INSTALL_SCRIPT='${INSTALL}'
INSTALL_STRIP_PROGRAM='$(install_sh) -c -s'
LD='/usr/bin/ld -m elf_x86_64'
LDFLAGS=' '
LIBOBJS=''
LIBS='-ltiff -lm   -ljpeg'
LIBTOOL='$(SHELL) $(top_builddir)/libtool'
LIPO=''
LN_S='ln -s'
LTLIBOBJS=''
LT_SYS_LIBRARY_PATH=''
MAKEINFO='${SHELL} '\''/usr/local/src/OV500/src/spandsp/config/missing'\'' makeinfo'
MANIFEST_TOOL=':'
MKDIR_P='/usr/bin/mkdir -p'
NM='/usr/bin/nm -B'
NMEDIT=''
OBJDUMP='objdump'
OBJEXT='o'
OTOOL64=''
OTOOL=''
PACKAGE='spandsp'
PACKAGE_BUGREPORT=''
PACKAGE_NAME='spandsp'
PACKAGE_STRING='spandsp 3.0.0'
PACKAGE_TARNAME='spandsp'
PACKAGE_URL=''
PACKAGE_VERSION='3.0.0'
PATH_SEPARATOR=':'
RANLIB='ranlib'
SED='/usr/bin/sed'
SET_MAKE=''
SHELL='/bin/bash'
SIMLIBS=''
SPANDSP_LT_AGE='0'
SPANDSP_LT_CURRENT='3'
SPANDSP_LT_REVISION='0'
SPANDSP_MISALIGNED_ACCESS_FAILS='#undef SPANDSP_MISALIGNED_ACCESS_FAILS'
SPANDSP_SUPPORT_SSLFAX='#undef SPANDSP_SUPPORT_SSLFAX'
SPANDSP_SUPPORT_T43='#define SPANDSP_SUPPORT_T43 1'
SPANDSP_SUPPORT_TIFF_FX='#undef SPANDSP_SUPPORT_TIFF_FX'
SPANDSP_SUPPORT_V32BIS='#undef SPANDSP_SUPPORT_V32BIS'
SPANDSP_SUPPORT_V34='#undef SPANDSP_SUPPORT_V34'
SPANDSP_USE_EXPORT_CAPABILITY='#define SPANDSP_USE_EXPORT_CAPABILITY 1'
SPANDSP_USE_FIXED_POINT='#undef SPANDSP_USE_FIXED_POINT'
STRIP='strip'
TESTLIBS=' '
VERSION='3.0.0'
ac_ct_AR='ar'
ac_ct_CC='gcc'
ac_ct_CXX='g++'
ac_ct_DUMPBIN=''
am__EXEEXT_FALSE=''
am__EXEEXT_TRUE='#'
am__fastdepCC_FALSE='#'
am__fastdepCC_TRUE=''
am__fastdepCXX_FALSE='#'
am__fastdepCXX_TRUE=''
am__include='include'
am__isrc=''
am__leading_dot='.'
am__nodep='_no'
am__quote=''
am__tar='$${TAR-tar} chof - "$$tardir"'
am__untar='$${TAR-tar} xf -'
bindir='${exec_prefix}/bin'
build='x86_64-pc-linux-gnu'
build_alias=''
build_cpu='x86_64'
build_os='linux-gnu'
build_vendor='pc'
datadir='${datarootdir}'
datarootdir='${prefix}/share'
docdir='${datarootdir}/doc/${PACKAGE_TARNAME}'
dvidir='${docdir}'
exec_prefix='${prefix}'
host='x86_64-pc-linux-gnu'
host_alias=''
host_cpu='x86_64'
host_os='linux-gnu'
host_vendor='pc'
htmldir='${docdir}'
includedir='${prefix}/include'
infodir='${datarootdir}/info'
install_sh='${SHELL} /usr/local/src/OV500/src/spandsp/config/install-sh'
libdir='${exec_prefix}/lib'
libexecdir='${exec_prefix}/libexec'
localedir='${datarootdir}/locale'
localstatedir='${prefix}/var'
mandir='${datarootdir}/man'
mkdir_p='$(MKDIR_P)'
oldincludedir='/usr/include'
pdfdir='${docdir}'
prefix='/usr/local'
program_transform_name='s,x,x,'
psdir='${docdir}'
runstatedir='${localstatedir}/run'
sbindir='${exec_prefix}/sbin'
sharedstatedir='${prefix}/com'
sysconfdir='${prefix}/etc'
target_alias=''

## ----------- ##
## confdefs.h. ##
## ----------- ##

/* confdefs.h */
#define PACKAGE_NAME "spandsp"
#define PACKAGE_TARNAME "spandsp"
#define PACKAGE_VERSION "3.0.0"
#define PACKAGE_STRING "spandsp 3.0.0"
#define PACKAGE_BUGREPORT ""
#define PACKAGE_URL ""
#define PACKAGE "spandsp"
#define VERSION "3.0.0"
#define HAVE_STDIO_H 1
#define HAVE_STDLIB_H 1
#define HAVE_STRING_H 1
#define HAVE_INTTYPES_H 1
#define HAVE_STDINT_H 1
#define HAVE_STRINGS_H 1
#define HAVE_SYS_STAT_H 1
#define HAVE_SYS_TYPES_H 1
#define HAVE_UNISTD_H 1
#define HAVE_SYS_SELECT_H 1
#define HAVE_SYS_SOCKET_H 1
#define STDC_HEADERS 1
#define HAVE_DLFCN_H 1
#define LT_OBJDIR ".libs/"
#define HAVE_LONG_LONG 1
#define HAVE_LONG_DOUBLE 1
#define HAVE_VPRINTF 1
#define HAVE_MEMMOVE 1
#define HAVE_REALLOC 1
#define HAVE_MALLOC 1
#define SELECT_TYPE_ARG1 int
#define SELECT_TYPE_ARG234 (fd_set *)
#define SELECT_TYPE_ARG5 (struct timeval *)
#define HAVE_LRINT 1
#define HAVE_LRINTF 1
#define HAVE_LLRINT 1
#define HAVE_LLRINTF 1
#define HAVE_MEMALIGN 1
#define HAVE_POSIX_MEMALIGN 1
#define HAVE_MEMMOVE 1
#define HAVE_MEMSET 1
#define HAVE_SELECT 1
#define HAVE_STRCASECMP 1
#define HAVE_STRCHR 1
#define HAVE_STRDUP 1
#define HAVE_STRERROR 1
#define HAVE_STRSTR 1
#define HAVE_STRTOL 1
#define HAVE_GETTIMEOFDAY 1
#define HAVE_DRAND48 1
#define HAVE_SYS_WAIT_H 1
#define HAVE_INTTYPES_H 1
#define HAVE_STDINT_H 1
#define HAVE_STDATOMIC_H 1
#define HAVE_STDBOOL_H 1
#define HAVE_STDFIX_H 1
#define HAVE_UNISTD_H 1
#define HAVE_STDLIB_H 1
#define HAVE_STRING_H 1
#define HAVE_STRINGS_H 1
#define HAVE_MALLOC_H 1
#define HAVE_MATH_H 1
#define HAVE_FLOAT_H 1
#define HAVE_FCNTL_H 1
#define HAVE_SYS_TIME_H 1
#define HAVE_SYS_SELECT_H 1
#define HAVE_SYS_IOCTL_H 1
#define HAVE_SYS_FCNTL_H 1
#define HAVE_SNDFILE_H 1
#define HAVE_FENV_H 1
#define HAVE_PCAP_H 1
#define HAVE_PTHREAD_H 1
#define HAVE_TGMATH_H 1
#define HAVE_LIBXML_XMLMEMORY_H 1
#define HAVE_LIBXML_PARSER_H 1
#define HAVE_LIBXML_XINCLUDE_H 1
#define HAVE_LIBM 1
#define HAVE_SINF 1
#define HAVE_COSF 1
#define HAVE_TANF 1
#define HAVE_ASINF 1
#define HAVE_ACOSF 1
#define HAVE_ATANF 1
#define HAVE_ATAN2F 1
#define HAVE_CEILF 1
#define HAVE_FLOORF 1
#define HAVE_POWF 1
#define HAVE_EXPF 1
#define HAVE_LOGF 1
#define HAVE_LOG10F 1
#define HAVE_OPEN_MEMSTREAM 1
#define SPANDSP_USE_EXPORT_CAPABILITY 1
#define SPANDSP_USE_SSE2 1
#define SPANDSP_USE_SSE 1
#define SPANDSP_USE_MMX 1
#define HAVE_TIFFIO_H 1
#define HAVE_LIBTIFF 1
#define SPANDSP_SUPPORT_T43 1
#define HAVE_JPEGLIB_H 1
#define SPANDSP_SUPPORT_FLEXSSL 1

configure: exit 0
